,name,DepositsAndShort-termFinancing,CAR,InterestIncome,NIM
0,SBERBANK OF RUSSIA 2013,456005646.0,13.4,45176784.0,5.97
1,SBERBANK OF RUSSIA 2012,403464273.0,13.7,38103295.0,6.44
2,SBERBANK OF RUSSIA 2020,370821539.0,14.7,32477527.0,5.43
3,SBERBANK OF RUSSIA 2019,361637148.0,14.8,38704030.0,5.41
4,SBERBANK OF RUSSIA 2017,368389338.0,13.0,37003343.0,5.81
5,SBERBANK OF RUSSIA 2018,316935512.0,12.4,34902535.0,6.0
6,SBERBANK OF RUSSIA 2014,359626308.0,12.1,32668900.0,5.41
7,SBERBANK OF RUSSIA 2016,332481532.0,12.0,39550321.0,5.87
8,SBERBANK OF RUSSIA 2015,299595104.0,12.6,31277656.0,4.31
9,VTB BANK (PUBLIC JOINT-STOCK COMPANY) 2013,189451621.0,14.7,20969043.0,4.52
10,VTB BANK (PUBLIC JOINT-STOCK COMPANY) 2019,196702411.0,11.2,17882037.0,3.4
11,VTB BANK (PUBLIC JOINT-STOCK COMPANY) 2020,196760239.0,11.8,14291574.0,3.73
12,VTB BANK (PUBLIC JOINT-STOCK COMPANY) 2012,173122564.0,14.7,18296035.0,3.95
13,VTB BANK (PUBLIC JOINT-STOCK COMPANY) 2017,178942083.0,14.8,18336742.0,4.22
14,VTB BANK (PUBLIC JOINT-STOCK COMPANY) 2014,162637052.0,12.0,15003982.0,3.79
15,VTB BANK (PUBLIC JOINT-STOCK COMPANY) 2018,170613181.0,11.4,14883994.0,3.86
16,VTB BANK (PUBLIC JOINT-STOCK COMPANY) 2016,160809397.0,14.6,18263379.0,3.64
17,VTB BANK (PUBLIC JOINT-STOCK COMPANY) 2015,130664753.0,14.3,15105094.0,2.57
18,GAZPROMBANK OPEN JOINT-STOCK COMPANY 2013,82221319.0,13.2,6513939.0,3.07
19,GAZPROMBANK OPEN JOINT-STOCK COMPANY 2019,86759784.0,13.1,6614238.0,2.63
20,GAZPROMBANK OPEN JOINT-STOCK COMPANY 2020,83534724.0,12.7,5514290.0,2.8
21,GAZPROMBANK OPEN JOINT-STOCK COMPANY 2017,73603944.0,13.1,6342599.0,3.04
22,GAZPROMBANK OPEN JOINT-STOCK COMPANY 2018,75249473.0,12.4,5376116.0,2.85
23,GAZPROMBANK OPEN JOINT-STOCK COMPANY 2012,66992690.0,13.9,5785327.0,2.78
24,GAZPROMBANK OPEN JOINT-STOCK COMPANY 2014,61380187.0,10.7,4792582.0,2.67
25,GAZPROMBANK OPEN JOINT-STOCK COMPANY 2016,61266827.0,13.5,6266327.0,2.83
26,GAZPROMBANK OPEN JOINT-STOCK COMPANY 2015,51262920.0,14.2,5089617.0,2.25
27,JOINT STOCK COMPANY ALFA-BANK 2020,48283230.0,13.03,3742513.0,4.27
28,JOINT STOCK COMPANY ALFA-BANK 2019,45989973.0,12.35,4343278.0,4.53
29,PUBLIC JOINT-STOCK COMPANY 'BANK OTKRITIE FINANCIAL CORPORATION' 2019,32080440.0,12.8,2327718.0,2.63
30,RUSSIAN AGRICULTURAL BANK OJSC 2019,42898911.0,15.1,4014639.0,2.7
31,RUSSIAN AGRICULTURAL BANK OJSC 2020,42185673.0,14.4,3171178.0,2.49
32,RUSSIAN AGRICULTURAL BANK OJSC 2013,29319537.0,18.0,4662228.0,4.6
33,RUSSIAN AGRICULTURAL BANK OJSC 2017,41567581.0,10.9,4085576.0,2.81
35,JOINT STOCK COMPANY ALFA-BANK 2013,36892018.0,12.1,4060678.0,5.45
36,JOINT STOCK COMPANY ALFA-BANK 2018,35543753.0,12.9,3231371.0,4.73
37,RUSSIAN AGRICULTURAL BANK OJSC 2012,22843506.0,16.1,4474511.0,5.3
38,PUBLIC JOINT-STOCK COMPANY 'BANK OTKRITIE FINANCIAL CORPORATION' 2020,28201778.0,15.31,2197475.0,2.82
39,PUBLIC JOINT-STOCK COMPANY 'BANK OTKRITIE FINANCIAL CORPORATION' 2015,39760519.0,15.74,3292921.0,1.77
40,PUBLIC JOINT-STOCK COMPANY 'BANK OTKRITIE FINANCIAL CORPORATION' 2014,37839151.0,12.36,2705409.0,3.57
41,RUSSIAN AGRICULTURAL BANK OJSC 2018,37663112.0,15.2,3339787.0,2.68
42,PUBLIC JOINT-STOCK COMPANY 'BANK OTKRITIE FINANCIAL CORPORATION' 2016,37293084.0,17.74,3448231.0,1.21
43,JOINT STOCK COMPANY ALFA-BANK 2017,33300165.0,11.33,3181847.0,4.45
45,JOINT STOCK COMPANY ALFA-BANK 2014,30961408.0,10.88,2904663.0,4.89
46,BM-BANK JSC 2012,28781852.0,19.6,2968067.0,3.7
47,PUBLIC JOINT-STOCK COMPANY 'BANK OTKRITIE FINANCIAL CORPORATION' 2013,34005689.0,14.37,2989654.0,3.95
48,RUSSIAN AGRICULTURAL BANK OJSC 2016,30588571.0,10.0,3971832.0,2.55
49,CREDIT BANK OF MOSCOW 2020,33424226.0,21.3,2117259.0,2.35
50,BM-BANK JSC 2014,29357395.0,10.6,2964891.0,3.6
51,CREDIT BANK OF MOSCOW 2017,27457977.0,23.4,2204142.0,2.79
52,RUSSIAN AGRICULTURAL BANK OJSC 2015,18841550.0,11.7,2695139.0,1.21
53,PUBLIC JOINT-STOCK COMPANY 'BANK OTKRITIE FINANCIAL CORPORATION' 2018,16843168.0,1.0,1909326.0,3.49
54,CREDIT BANK OF MOSCOW 2018,26271617.0,21.9,1985487.0,2.55
55,JOINT STOCK COMPANY ALFA-BANK 2015,21043023.0,14.67,2752839.0,4.06
56,PUBLIC JOINT-STOCK COMPANY 'BANK OTKRITIE FINANCIAL CORPORATION' 2012,23762127.0,16.3,2194405.0,4.46
57,UNICREDIT BANK AO 2012,22266780.0,15.0,1665690.0,2.99
58,UNICREDIT BANK AO 2013,20467119.0,16.3,1660630.0,3.35
59,PUBLIC JOINT-STOCK COMPANY ROSBANK 2013,18649677.0,19.4,2586406.0,6.61
60,PUBLIC JOINT-STOCK COMPANY ROSBANK 2012,19087601.0,18.2,2600032.0,6.82
61,CREDIT BANK OF MOSCOW 2016,21733548.0,14.7,1869506.0,3.08
62,UNICREDIT BANK AO 2014,17896415.0,9.3,1687183.0,3.32
63,PROMSVYAZBANK PUBLIC JOINT-STOCK COMPANY 2012,17904038.0,15.95,1802178.0,4.7
64,PROMSVYAZBANK PUBLIC JOINT-STOCK COMPANY 2013,18314227.0,13.45,2021284.0,4.73
67,BM-BANK JSC 2015,13834559.0,17.1,2420327.0,2.75
68,UNICREDIT BANK AO 2017,15473490.0,20.0,1844080.0,3.73
70,PUBLIC JOINT-STOCK COMPANY ROSBANK 2014,12870238.0,19.7,1598375.0,5.5
71,PROMSVYAZBANK PUBLIC JOINT-STOCK COMPANY 2016,17152623.0,13.35,1698108.0,2.51
72,SOVCOMBANK OJSC 2020,15634018.0,15.6,1801919.0,6.79
73,UNICREDIT BANK AO 2019,14996289.0,20.0,1876649.0,3.34
74,PUBLIC JOINT-STOCK COMPANY ROSBANK 2019,14364607.0,21.6,1481301.0,4.4
75,UNICREDIT BANK AO 2018,15403549.0,18.9,1570287.0,3.36
77,UNICREDIT BANK AO 2016,14873714.0,19.3,1936364.0,3.68
78,UNICREDIT BANK AO 2015,14739542.0,12.9,1782883.0,3.03
79,PROMSVYAZBANK PUBLIC JOINT-STOCK COMPANY 2014,15056916.0,12.88,1412927.0,4.07
80,PUBLIC JOINT-STOCK COMPANY ROSBANK 2020,13632548.0,22.5,1171617.0,4.19
81,SOVCOMBANK OJSC 2019,14602678.0,14.7,1649606.0,5.84
82,PUBLIC JOINT-STOCK COMPANY ROSBANK 2017,12657699.0,21.0,1426922.0,4.63
83,DOM.RF JOINT STOCK COMPANY 2020,4310606.0,28.1,1032762.0,2.11
84,UNICREDIT BANK AO 2020,13187468.0,23.5,1225228.0,3.36
86,PROMSVYAZBANK PUBLIC JOINT-STOCK COMPANY 2015,13796072.0,14.42,1419088.0,2.73
87,PUBLIC JOINT-STOCK COMPANY ROSBANK 2018,12199175.0,21.6,1210555.0,4.52
88,CREDIT BANK OF MOSCOW 2015,13547753.0,16.5,1224029.0,3.51
93,"PUBLIC JOINT STOCK COMPANY ""BANK URALSIB' 2012",12178008.0,13.59,1093120.0,3.94
95,PUBLIC JOINT-STOCK COMPANY ROSBANK 2016,9145175.0,20.9,1429648.0,4.69
96,SOVCOMBANK OJSC 2018,11440350.0,13.8,1258417.0,6.33
97,CREDIT BANK OF MOSCOW 2013,9588877.0,14.8,1283652.0,4.98
98,PUBLIC JOINT-STOCK COMPANY ROSBANK 2015,9480919.0,20.6,1282321.0,3.97
100,DOM.RF JOINT STOCK COMPANY 2017,6656886.0,15.4,612359.0,3.58
101,BANK SAINT-PETERSBURG PJSC 2013,9889282.0,14.31,942019.0,3.86
102,AO RAIFFEISENBANK 2016,9253500.0,26.28,1510212.0,5.88
103,SOVCOMBANK OJSC 2017,9878472.0,16.5,1193103.0,5.55
105,BANK SAINT-PETERSBURG PJSC 2012,9055863.0,13.79,900847.0,3.86
107,"PUBLIC JOINT STOCK COMPANY ""BANK URALSIB' 2013",9620771.0,11.6,1111408.0,5.1
109,DOM.RF JOINT STOCK COMPANY 2018,5391101.0,16.5,880833.0,2.69
110,HOME CREDIT AND FINANCE BANK 2013,8349211.0,23.5,2765390.0,19.19
111,BANK SAINT-PETERSBURG PJSC 2019,9294750.0,17.38,783346.0,3.73
112,AK BARS BANK 2013,7333101.0,14.48,877311.0,2.58
113,BANK SAINT-PETERSBURG PJSC 2017,9025647.0,16.73,818919.0,3.75
114,CREDIT BANK OF MOSCOW 2014,7123373.0,15.8,1032887.0,5.37
115,CREDIT BANK OF MOSCOW 2012,7381557.0,15.8,937234.0,5.01
116,BANK SAINT-PETERSBURG PJSC 2020,8307470.0,16.21,587872.0,4.0
117,BANK SAINT-PETERSBURG PJSC 2018,8331433.0,17.2,662706.0,3.69
118,BANK SAINT-PETERSBURG PJSC 2016,8181706.0,16.25,854838.0,4.19
120,SOVCOMBANK OJSC 2016,7791941.0,16.0,1046493.0,5.61
121,BANK SAINT-PETERSBURG PJSC 2014,7306970.0,13.32,688969.0,4.41
123,AO CITIBANK 2020,8041442.0,14.6,389370.0,3.88
124,"SMP BANK, LIMITED LIABILITY COMPANY 2017",7177817.0,13.0,804807.0,1.45
126,BANK ZENIT PJSC 2013,6976834.0,15.7,715714.0,3.36
127,AO CITIBANK 2019,7761925.0,14.2,524613.0,4.97
128,AK BARS BANK 2019,7212292.0,17.87,571676.0,3.02
129,"PUBLIC JOINT STOCK COMPANY ""BANK URALSIB' 2017",6351193.0,8.4,677260.0,4.78
130,BANK ZENIT PJSC 2012,6089928.0,15.0,682787.0,3.48
131,AO CITIBANK 2017,6962833.0,15.2,558554.0,6.26
132,"SMP BANK, LIMITED LIABILITY COMPANY 2016",6125829.0,12.2,742008.0,2.12
133,AO CITIBANK 2018,6966262.0,14.6,452744.0,5.78
134,AK BARS BANK 2020,6310654.0,18.55,456036.0,2.89
135,BANK SAINT-PETERSBURG PJSC 2015,6548119.0,15.59,696921.0,3.54
136,NOVIKOMBANK JSCB 2020,6814505.0,11.65,400530.0,3.72
137,PJSC POST BANK 2019,6327301.0,11.19,1068012.0,10.93
138,AO CITIBANK 2016,6187992.0,15.1,523051.0,5.89
139,"PUBLIC JOINT STOCK COMPANY ""BANK URALSIB' 2018",5311895.0,10.4,624875.0,5.28
140,"PUBLIC JOINT STOCK COMPANY ""BANK URALSIB' 2014",5943955.0,14.12,619412.0,5.18
141,"PUBLIC JOINT STOCK COMPANY ""BANK URALSIB' 2019",4668399.0,10.3,688265.0,5.61
142,"SMP BANK, LIMITED LIABILITY COMPANY 2015",5560702.0,13.5,412835.0,0.51
143,AO CITIBANK 2014,5579879.0,14.8,400507.0,4.72
145,"PUBLIC JOINT STOCK COMPANY ""BANK URALSIB' 2020",4744634.0,10.4,525512.0,5.82
146,"OPEN JOINT-STOCK COMPANY ""MTS BANK 2013",5755125.0,19.43,711879.0,6.49
147,AK BARS BANK 2018,5248247.0,19.61,443360.0,3.14
148,AK BARS BANK 2017,5488005.0,16.52,518967.0,2.6
149,JOINT STOCK COMPANY BANK DOM.RF 2020,5073373.0,17.1,357844.0,4.47
150,AK BARS BANK 2016,5369856.0,14.0,625496.0,1.96
151,SOVCOMBANK OJSC 2015,5658160.0,11.4,617842.0,5.7
152,PJSC POST BANK 2020,5059986.0,13.18,891064.0,10.91
153,"JOINT STOCK COMPANY ""MOSCOW INDUSTRIAL BANK 2013",5736009.0,10.3,556577.0,4.34
154,"PUBLIC JOINT STOCK COMPANY ""BANK URALSIB' 2016",4523222.0,7.1,597560.0,4.46
155,AO CITIBANK 2015,5114370.0,15.1,393737.0,4.96
156,AK BARS BANK 2015,4049751.0,18.38,571192.0,0.32
157,HOME CREDIT AND FINANCE BANK 2014,4018227.0,24.4,1323162.0,16.03
158,BANK ZENIT PJSC 2014,4331192.0,14.2,473126.0,3.33
160,NOVIKOMBANK JSCB 2018,5344933.0,10.6,362249.0,3.54
161,"JOINT STOCK COMPANY ""MOSCOW INDUSTRIAL BANK 2012",5267422.0,10.8,491147.0,4.66
163,HOME CREDIT AND FINANCE BANK 2019,3848983.0,25.9,914811.0,13.1
165,"PUBLIC JOINT STOCK COMPANY ""BANK URALSIB' 2015",3439234.0,5.9,458828.0,2.45
167,"SMP BANK, LIMITED LIABILITY COMPANY 2013",4564230.0,11.9,318244.0,2.52
168,"SMP BANK, LIMITED LIABILITY COMPANY 2012",4572133.0,12.11,265032.0,1.96
169,HOME CREDIT AND FINANCE BANK 2017,3647400.0,23.8,830431.0,12.85
170,ABSOLUT BANK 2017,4432537.0,9.65,533505.0,3.35
171,JOINT STOCK COMPANY BANK DOM.RF 2017,4483352.0,5.2,479703.0,-0.1
172,"JOINT STOCK COMPANY ""MOSCOW INDUSTRIAL BANK 2017",4633803.0,9.2,449221.0,3.27
173,BANK ZENIT PJSC 2016,4361052.0,9.7,462964.0,2.07
174,SURGUTNEFTEGASBANK JSC 2019,4530761.0,19.3,307953.0,3.87
175,ING BANK (EURASIA) ZAO 2015,2336779.0,21.62,250296.0,0.96
176,HOME CREDIT AND FINANCE BANK 2018,3420886.0,23.6,774659.0,12.79
178,OTP BANK JSC 2012,3075686.0,20.51,1022193.0,20.98
179,CREDIT EUROPE BANK LTD 2013,3365409.0,19.82,650185.0,9.8
180,JOINT STOCK COMPANY BANK DOM.RF 2019,3392483.0,24.9,292445.0,3.76
181,JOINT STOCK COMPANY BANK DOM.RF 2016,4201896.0,11.5,419326.0,-0.32
182,DEUTSCHE BANK LLC 2013,3850290.0,18.3,98629.0,-1.24
183,JOINT STOCK BANK `TRANSCAPITALBANK' 2019,3429963.0,13.5,383152.0,2.76
184,BANK ZENIT PJSC 2017,3638587.0,17.3,463172.0,3.72
185,OTP BANK JSC 2013,3389644.0,14.1,1017035.0,19.62
186,"JOINT STOCK COMPANY ""MOSCOW INDUSTRIAL BANK 2016",4031689.0,10.3,422173.0,2.98
187,JOINT STOCK BANK `TRANSCAPITALBANK' 2017,3000293.0,10.3,446250.0,3.82
188,JOINT STOCK BANK `TRANSCAPITALBANK' 2013,3423183.0,14.5,400588.0,5.37
190,BANK ZENIT PJSC 2015,3575214.0,11.0,438692.0,1.85
192,JOINT STOCK BANK `TRANSCAPITALBANK' 2016,2878633.0,13.87,463836.0,4.68
194,SURGUTNEFTEGASBANK JSC 2017,3827624.0,15.5,303344.0,2.7
195,JOINT STOCK BANK `TRANSCAPITALBANK' 2020,3133226.0,16.7,295473.0,2.87
197,ABSOLUT BANK 2013,2596855.0,16.6,296891.0,3.8
198,"JOINT STOCK COMPANY ""MOSCOW INDUSTRIAL BANK 2014",3615968.0,8.8,356315.0,4.04
199,HOME CREDIT AND FINANCE BANK 2016,2681574.0,27.1,778526.0,13.17
200,HOME CREDIT AND FINANCE BANK 2020,2503259.0,30.2,689320.0,13.01
201,CREDIT EUROPE BANK LTD 2012,2480186.0,23.31,528641.0,9.19
202,RUSSIAN NATIONAL COMMERCIAL BANK - RNCB OAO 2020,2870462.0,23.0,310206.0,7.37
203,JOINT STOCK BANK `TRANSCAPITALBANK' 2012,3053219.0,14.8,366872.0,5.73
204,SOVCOMBANK OJSC 2013,3322073.0,16.3,566182.0,10.66
205,BANK ZENIT PJSC 2019,3138011.0,17.8,295139.0,3.19
206,NOVIKOMBANK JSCB 2016,3185515.0,20.12,409474.0,4.34
207,JOINT STOCK BANK `TRANSCAPITALBANK' 2018,2811388.0,12.1,285592.0,1.69
208,BANK ZENIT PJSC 2018,3232382.0,14.4,279292.0,3.56
209,HOME CREDIT AND FINANCE BANK 2015,2490948.0,24.3,829141.0,11.31
211,OPEN JOINT-STOCK COMPANY 'ROSGOSSTRAKH BANK' 2013,2741964.0,20.8,324601.0,4.49
212,ASIAN-PACIFIC BANK (JOINT STOCK COMPANY) 2013,2931232.0,15.33,487031.0,9.73
213,SKB-BANK 2013,3213641.0,12.65,729306.0,14.49
214,SOVCOMBANK OJSC 2014,3229802.0,11.6,532584.0,11.99
215,ABSOLUT BANK 2019,3308629.0,5.07,324590.0,3.12
216,"JOINT STOCK COMPANY ""MOSCOW INDUSTRIAL BANK 2020",3267132.0,2.6,213343.0,2.6
217,ABSOLUT BANK 2012,2515680.0,22.7,299084.0,4.54
218,RUSSIAN NATIONAL COMMERCIAL BANK - RNCB OAO 2019,2576548.0,25.3,317159.0,8.21
219,SURGUTNEFTEGASBANK JSC 2018,3246264.0,17.4,263526.0,3.01
220,CB RENAISSANCE CREDIT OOO 2013,2193925.0,22.0,663555.0,15.49
222,ABSOLUT BANK 2018,3220355.0,6.27,340892.0,3.2
224,ING BANK (EURASIA) ZAO 2016,1534400.0,25.1,238902.0,1.84
225,"JOINT STOCK COMPANY ""MOSCOW INDUSTRIAL BANK 2015",3086257.0,11.8,340234.0,2.47
226,OPEN JOINT-STOCK COMPANY 'ROSGOSSTRAKH BANK' 2012,2432157.0,20.77,316710.0,5.15
227,SOVCOMBANK OJSC 2012,2718902.0,16.1,425159.0,10.96
228,ORIENT EXPRESS BANK AO 2019,2539718.0,9.0,584082.0,10.9
229,JOINT STOCK BANK `TRANSCAPITALBANK' 2014,2495875.0,14.5,276141.0,4.98
230,ABSOLUT BANK 2020,2766295.0,3.62,236275.0,3.11
231,ASIAN-PACIFIC BANK (JOINT STOCK COMPANY) 2012,2491417.0,15.49,364775.0,8.11
233,OTP BANK JSC 2014,2093377.0,12.1,573961.0,18.2
234,JOINT STOCK COMPANY BANK DOM.RF 2018,2506269.0,17.1,305208.0,1.51
235,ING BANK (EURASIA) ZAO 2019,1748788.0,38.61,201037.0,0.93
236,ING BANK (EURASIA) ZAO 2017,1586912.0,23.83,201645.0,1.95
237,JOINT STOCK BANK `TRANSCAPITALBANK' 2015,2187133.0,15.11,304388.0,4.99
238,BANK ZENIT PJSC 2020,2387585.0,15.8,196016.0,3.04
242,"OPEN JOINT-STOCK COMPANY ""MTS BANK 2016",2050105.0,29.3,270553.0,5.53
243,CB RENAISSANCE CREDIT OOO 2019,2006026.0,11.6,484120.0,14.14
244,RUSSIAN NATIONAL COMMERCIAL BANK - RNCB OAO 2018,1865959.0,34.07,210524.0,7.52
245,ING BANK (EURASIA) ZAO 2018,1274263.0,35.15,206404.0,3.7
248,PERESVET BANK 2020,1614428.0,28.37,166591.0,1.32
249,"OPEN JOINT-STOCK COMPANY ""MTS BANK 2015",1979626.0,16.9,284473.0,6.44
250,CREDIT EUROPE BANK LTD 2014,1759604.0,21.67,385068.0,9.22
251,"OPEN JOINT-STOCK COMPANY ""MTS BANK 2017",2020126.0,21.1,243588.0,5.87
252,EXIMBANK OF RUSSIA ZAO 2020,1411995.0,26.4,159791.0,4.0
253,SKB-BANK 2016,2071880.0,13.2,336455.0,7.26
254,OTP BANK JSC 2019,1742981.0,13.67,326926.0,11.3
255,CENTROCREDIT BANK ZAO 2013,1455424.0,42.16,171805.0,3.96
256,CLOSED JOINT STOCK COMPANY LOCKO-BANK 2013,2052818.0,17.3,258191.0,5.43
258,ORIENT EXPRESS BANK AO 2020,1910452.0,10.4,404950.0,12.64
259,PERESVET BANK 2019,1477683.0,29.03,211548.0,1.6
261,WEST SIBERIAN COMMERCIAL BANK PJSC 2019,1977831.0,12.66,197168.0,4.68
263,ASIAN-PACIFIC BANK (JOINT STOCK COMPANY) 2014,1910345.0,11.75,300249.0,8.67
264,CB RENAISSANCE CREDIT OOO 2014,1537730.0,17.0,412919.0,14.27
265,CB RENAISSANCE CREDIT OOO 2018,1770196.0,10.8,399856.0,14.96
266,CREDIT EUROPE BANK LTD 2019,1715573.0,16.91,280135.0,8.01
267,CB RENAISSANCE CREDIT OOO 2017,1677769.0,10.3,394378.0,15.34
268,HSBC BANK (RR) LLC 2014,1355600.0,17.8,50451.0,0.76
269,OPEN JOINT-STOCK COMPANY 'ROSGOSSTRAKH BANK' 2016,1760069.0,23.11,232038.0,3.99
271,PERESVET BANK 2018,1449133.0,26.12,174412.0,2.92
272,OTP BANK JSC 2017,1532418.0,15.98,335620.0,13.76
273,CLOSED JOINT STOCK COMPANY LOCKO-BANK 2020,1831739.0,22.2,130476.0,4.4
274,PERESVET BANK 2014,1685349.0,16.51,200708.0,4.28
275,SURGUTNEFTEGASBANK JSC 2016,1889488.0,13.2,170808.0,3.88
276,METALLINVESTBANK 2012,1730233.0,15.8,139450.0,3.58
279,DEUTSCHE BANK LLC 2014,1546983.0,18.5,35978.0,-0.7
280,CREDIT EUROPE BANK LTD 2018,1561473.0,14.94,226808.0,8.53
281,"OPEN JOINT STOCK COMPANY JOINT STOCK COMMERCIAL BANK ""INTERNATIONAL FINANCIAL CLUB 2019",1687801.0,18.01,104042.0,1.94
282,OPEN JOINT-STOCK COMPANY 'ROSGOSSTRAKH BANK' 2014,1484237.0,23.89,212522.0,5.88
283,OTP BANK JSC 2018,1431399.0,15.11,274986.0,12.44
284,OTP BANK JSC 2016,1414675.0,15.53,373769.0,15.73
285,ASIAN-PACIFIC BANK (JOINT STOCK COMPANY) 2016,1602760.0,9.71,279667.0,7.14
286,ASIAN-PACIFIC BANK (JOINT STOCK COMPANY) 2015,1633239.0,11.45,246880.0,6.18
287,SKB-BANK 2014,1724753.0,13.39,355714.0,12.45
288,JOINT STOCK BANK AVANGARD 2019,1345229.0,17.78,119328.0,6.05
290,"OPEN JOINT STOCK COMPANY JOINT STOCK COMMERCIAL BANK ""INTERNATIONAL FINANCIAL CLUB 2017",1686741.0,14.79,136518.0,1.41
291,DEUTSCHE BANK LLC 2019,1611635.0,26.81,56316.0,2.87
292,OPEN JOINT-STOCK COMPANY 'ROSGOSSTRAKH BANK' 2017,1509207.0,28.98,218320.0,3.76
293,ING BANK (EURASIA) ZAO 2020,1048895.0,23.65,117194.0,2.42
294,OTP BANK JSC 2020,1277508.0,13.76,249324.0,11.17
295,PJSC POST BANK 2016,1483805.0,19.93,283628.0,14.33
296,CB RENAISSANCE CREDIT OOO 2020,1320729.0,13.5,396075.0,16.48
297,CREDIT EUROPE BANK LTD 2017,1275690.0,19.0,230742.0,7.57
298,WEST SIBERIAN COMMERCIAL BANK PJSC 2018,1562709.0,14.79,167397.0,5.56
299,CLOSED JOINT STOCK COMPANY LOCKO-BANK 2019,1504013.0,20.9,168450.0,6.18
300,"OPEN JOINT STOCK COMPANY JOINT STOCK COMMERCIAL BANK ""INTERNATIONAL FINANCIAL CLUB 2018",1590752.0,15.29,238133.0,9.32
302,OPEN JOINT-STOCK COMPANY 'ROSGOSSTRAKH BANK' 2015,1419236.0,16.59,160468.0,2.02
303,ASIAN-PACIFIC BANK (JOINT STOCK COMPANY) 2020,1527429.0,12.13,147655.0,7.74
304,ASIAN-PACIFIC BANK (JOINT STOCK COMPANY) 2017,1465705.0,10.67,221205.0,6.97
305,JOINT STOCK BANK AVANGARD 2018,1359618.0,18.68,107859.0,6.27
307,EXIMBANK OF RUSSIA ZAO 2018,1194543.0,23.0,135335.0,5.79
308,OTP BANK JSC 2015,1263704.0,13.26,387130.0,14.77
309,CREDIT EUROPE BANK LTD 2015,1086223.0,18.4,261398.0,6.37
310,"CJSC ""RN BANK 2019",909458.0,15.4,205059.0,5.96
311,SKB-BANK 2015,1521137.0,13.31,239181.0,6.65
312,CENTROCREDIT BANK ZAO 2019,1022676.0,27.1,114521.0,3.45
313,CREDIT EUROPE BANK LTD 2016,1244931.0,19.25,235066.0,5.85
314,CENTROCREDIT BANK ZAO 2014,1146128.0,19.7,117062.0,4.1
315,CREDIT EUROPE BANK LTD 2020,1247133.0,16.52,180623.0,6.82
316,BANK SOYUZ 2019,1331008.0,13.48,150277.0,5.14
317,"OPEN JOINT STOCK COMPANY JOINT STOCK COMMERCIAL BANK ""INTERNATIONAL FINANCIAL CLUB 2016",1522537.0,16.14,164551.0,1.32
318,EVROFINANCE MOSNARBANK OAO 2013,1214127.0,34.82,78426.0,3.39
322,METALLINVESTBANK 2020,1307419.0,12.8,116581.0,4.77
323,"PUBLIC JOINT-STOCK COMPANY COMMERCIAL BANK ""CENTER-INVEST 2020",1353303.0,13.1,134312.0,5.86
324,SURGUTNEFTEGASBANK JSC 2020,1375373.0,19.24,164375.0,3.95
326,EXIMBANK OF RUSSIA ZAO 2017,1055664.0,30.1,107012.0,4.46
327,METALLINVESTBANK 2019,1252446.0,12.9,134077.0,4.47
328,CB RENAISSANCE CREDIT OOO 2015,1202608.0,23.2,277538.0,7.01
329,ASIAN-PACIFIC BANK (JOINT STOCK COMPANY) 2019,1274101.0,10.47,163786.0,7.51
331,BANK SOYUZ 2014,986608.0,17.7,151906.0,4.34
332,BBR BANK CLOSED JOINT STOCK COMPANY 2020,1337678.0,11.0,89870.0,4.24
334,RUSSIAN NATIONAL COMMERCIAL BANK - RNCB OAO 2016,1132285.0,47.62,121406.0,11.16
335,METALLINVESTBANK 2014,1270203.0,14.2,103737.0,3.37
336,CLOSED JOINT STOCK COMPANY LOCKO-BANK 2017,1187093.0,20.4,163954.0,6.64
337,DEUTSCHE BANK LLC 2020,1203797.0,30.65,38915.0,1.88
339,DEUTSCHE BANK LLC 2015,1149116.0,12.9,38407.0,0.81
341,COMMERCIAL BANK 'INTERCOMMERZ' LIMITED 2013,1262729.0,13.6,159955.0,6.35
342,METALLINVESTBANK 2018,1135478.0,12.2,115421.0,4.84
343,CLOSED JOINT STOCK COMPANY LOCKO-BANK 2014,1212897.0,17.4,160041.0,6.07
344,CLOSED JOINT STOCK COMPANY LOCKO-BANK 2015,1191322.0,20.3,158377.0,4.66
345,HSBC BANK (RR) LLC 2017,972935.0,21.1,69588.0,3.12
346,CENTROCREDIT BANK ZAO 2015,859648.0,26.7,103719.0,4.38
348,BANK SOYUZ 2018,1102941.0,11.01,123822.0,5.67
349,BANK SOYUZ 2017,1052045.0,14.44,142743.0,4.83
350,COMMERCIAL BANK 'INTERCOMMERZ' LIMITED 2014,1211197.0,11.2,128220.0,6.17
351,CLOSED JOINT STOCK COMPANY LOCKO-BANK 2016,1076286.0,19.5,179554.0,5.53
353,MIR BUSINESS BANK ZAO 2018,1165752.0,21.6,19546.0,3.01
355,METALLINVESTBANK 2017,1052192.0,13.5,120384.0,4.95
356,HSBC BANK (RR) LLC 2019,1017285.0,22.6,59641.0,3.27
357,ASIAN-PACIFIC BANK (JOINT STOCK COMPANY) 2018,1006887.0,9.24,147663.0,7.12
358,DEUTSCHE BANK LLC 2017,980991.0,21.0,48836.0,4.42
360,DEUTSCHE BANK LLC 2018,968553.0,26.1,46912.0,5.81
361,HSBC BANK (RR) LLC 2016,775138.0,19.3,54578.0,2.34
363,CLOSED JOINT STOCK COMPANY LOCKO-BANK 2018,945190.0,22.7,136551.0,7.28
365,HSBC BANK (RR) LLC 2018,874563.0,22.9,55415.0,3.01
366,BANK SOYUZ 2020,979348.0,13.49,103173.0,4.38
367,OPEN JOINT-STOCK SOCIAL COMMERCIAL BANK OF PRIMORYE 'PRIMSOTSBANK' 2013,1041541.0,10.8,134733.0,6.69
369,SDM BANK PJSC 2013,961009.0,17.62,92233.0,5.49
371,OPEN JOINT-STOCK COMPANY 'ROSGOSSTRAKH BANK' 2020,874150.0,15.55,67652.0,6.69
373,METALLINVESTBANK 2016,894937.0,13.7,107237.0,4.24
374,HSBC BANK (RR) LLC 2015,549873.0,21.3,46623.0,0.71
375,HSBC BANK (RR) LLC 2020,923907.0,32.8,29680.0,2.79
376,NOVOSIBIRSK SOCIAL COMMERCIAL BANK 'LEVOBEREZHNY' OJSC 2019,951470.0,12.61,126221.0,9.23
377,DEUTSCHE BANK LLC 2016,783450.0,18.5,43685.0,1.99
381,BANK ICBC JOINT STOCK COMPANY 2020,776758.0,34.5,31412.0,2.24
382,SDM BANK PJSC 2012,941542.0,17.41,84626.0,5.94
383,BBR BANK CLOSED JOINT STOCK COMPANY 2019,880409.0,11.4,82833.0,5.44
384,OPEN JOINT-STOCK SOCIAL COMMERCIAL BANK OF PRIMORYE 'PRIMSOTSBANK' 2020,906742.0,12.6,82544.0,5.95
386,COMMERZBANK (EURASIJA) 2020,871160.0,27.31,28209.0,2.15
387,BANK ICBC JOINT STOCK COMPANY 2014,924689.0,13.7,17898.0,1.56
389,OPEN JOINT-STOCK SOCIAL COMMERCIAL BANK OF PRIMORYE 'PRIMSOTSBANK' 2019,867264.0,12.2,98555.0,6.12
390,EVROFINANCE MOSNARBANK OAO 2019,819129.0,28.42,54422.0,3.37
392,BANK OF CHINA (RUSSIA) 2020,764016.0,48.2,17965.0,2.54
394,NOVOSIBIRSK SOCIAL COMMERCIAL BANK 'LEVOBEREZHNY' OJSC 2020,849595.0,13.64,87237.0,6.23
395,SDM BANK PJSC 2017,865180.0,19.92,80985.0,6.0
396,METALLINVESTBANK 2015,834617.0,12.6,96423.0,3.06
397,COMMERZBANK (EURASIJA) 2019,796310.0,23.99,32194.0,1.95
398,COMMERCIAL BANK NATIONAL STANDARD 2014,800102.0,17.7,79417.0,2.63
401,COMMERZBANK (EURASIJA) 2018,779083.0,24.58,26296.0,2.9
402,SDM BANK PJSC 2018,840753.0,16.37,64871.0,4.73
403,EVROFINANCE MOSNARBANK OAO 2018,795470.0,26.84,56803.0,3.88
404,BANK ICBC JOINT STOCK COMPANY 2019,633782.0,37.9,39074.0,1.88
405,BANK ICBC JOINT STOCK COMPANY 2015,849266.0,17.1,24397.0,1.52
406,BANK SGB OJSC 2019,843057.0,13.2,72825.0,4.09
409,BANK SGB OJSC 2012,815005.0,11.97,80112.0,6.2
410,BANK ICBC JOINT STOCK COMPANY 2018,627920.0,36.4,38407.0,3.26
411,CHELINDBANK GROUP 2019,717829.0,18.4,86272.0,6.84
413,OPEN JOINT-STOCK SOCIAL COMMERCIAL BANK OF PRIMORYE 'PRIMSOTSBANK' 2017,791478.0,12.2,99290.0,8.75
414,BANK SGB OJSC 2017,824915.0,11.9,70554.0,4.73
415,SDM BANK PJSC 2016,757504.0,19.82,71496.0,5.29
416,BANK SGB OJSC 2013,782035.0,12.52,78334.0,6.44
417,BANK SGB OJSC 2020,794749.0,15.4,50147.0,3.42
418,PJSC POST BANK 2015,668103.0,21.35,163328.0,12.62
419,CHELINDBANK GROUP 2017,671017.0,19.4,92058.0,8.3
420,NOVOSIBIRSK SOCIAL COMMERCIAL BANK 'LEVOBEREZHNY' OJSC 2017,726463.0,14.52,99943.0,8.97
421,OPEN JOINT-STOCK SOCIAL COMMERCIAL BANK OF PRIMORYE 'PRIMSOTSBANK' 2018,727103.0,12.0,82526.0,7.17
422,BANK ICBC JOINT STOCK COMPANY 2017,550061.0,37.8,40432.0,3.86
424,NOVOSIBIRSK SOCIAL COMMERCIAL BANK 'LEVOBEREZHNY' OJSC 2018,708413.0,14.79,84199.0,8.24
425,LIMITED LIABILITY COMPANY MEDICAL COMMERCIAL BANK 'AVERS' 2014,505998.0,40.0,54914.0,4.32
426,EVROFINANCE MOSNARBANK OAO 2014,632493.0,23.2,48380.0,3.58
427,BANK ICBC JOINT STOCK COMPANY 2016,678593.0,20.3,46765.0,3.88
428,KEB HNB BANK LLC 2020,739031.0,26.6,15743.0,1.48
430,COMMERCIAL BANK ENERGOTRANSBANK ZAO 2019,680239.0,17.0,47629.0,4.97
431,SDM BANK PJSC 2014,667609.0,14.69,57555.0,4.82
432,JOINT-STOCK COMMERCIAL BANK SAROVBUSINESSBANK 2019,638284.0,17.8,57398.0,4.48
433,JOINT-STOCK COMMERCIAL MORTGAGE BANK AKIBANK 2013,647290.0,15.57,72339.0,4.73
436,CHELINDBANK GROUP 2020,593159.0,19.4,67647.0,6.54
438,BANK SGB OJSC 2018,704908.0,12.1,66971.0,5.21
441,EVROFINANCE MOSNARBANK OAO 2016,549114.0,29.63,50660.0,4.68
442,JOINT-STOCK COMMERCIAL BANK SAROVBUSINESSBANK 2017,624040.0,22.4,68110.0,6.37
443,CHELINDBANK GROUP 2018,587422.0,19.5,73743.0,7.29
444,CHELINDBANK GROUP 2016,572344.0,19.3,88333.0,8.44
447,BANK ICBC JOINT STOCK COMPANY 2013,550427.0,19.77,16110.0,1.98
448,OPEN JOINT-STOCK COMPANY 'ROSGOSSTRAKH BANK' 2019,537756.0,30.0,67107.0,3.16
451,OPEN JOINT-STOCK SOCIAL COMMERCIAL BANK OF PRIMORYE 'PRIMSOTSBANK' 2016,635396.0,15.21,90371.0,9.83
452,ARES BANK 2019,662981.0,17.3,29515.0,3.04
454,COMMERCIAL BANK ENERGOTRANSBANK ZAO 2018,619939.0,17.7,39777.0,6.59
456,INTERPROGRESSBANK CJSC 2017,602224.0,16.48,75496.0,5.87
457,BANK SOLIDARNOST 2020,503250.0,29.7,43908.0,3.54
459,UNITED CAPITAL (JOINT-STOCK BANK) 2020,572369.0,26.1,27134.0,1.44
460,BANK OF CHINA (RUSSIA) 2019,513745.0,33.8,25300.0,3.7
461,BMW BANK LLC 2013,554327.0,14.5,82587.0,6.21
462,SDM BANK PJSC 2015,589120.0,15.24,56220.0,5.37
463,CHELINDBANK GROUP 2014,512106.0,20.3,72108.0,8.39
464,INTERPROGRESSBANK CJSC 2016,573067.0,15.2,73054.0,5.41
465,"CJSC ""RN BANK 2014",527684.0,22.7,35743.0,5.67
466,BANK OF CHINA (RUSSIA) 2014,601067.0,16.7,6634.0,1.25
467,UNITED CAPITAL (JOINT-STOCK BANK) 2019,534354.0,29.8,33383.0,1.68
468,COMMERZBANK (EURASIJA) 2017,429548.0,28.51,28946.0,3.48
471,JOINT-STOCK COMMERCIAL BANK SAROVBUSINESSBANK 2016,538015.0,22.3,66300.0,7.12
472,JOINT-STOCK COMMERCIAL BANK SAROVBUSINESSBANK 2018,534110.0,21.8,50938.0,5.43
473,FAR EASTERN BANK OAO 2018,497911.0,20.66,54057.0,6.61
474,UNITED CAPITAL (JOINT-STOCK BANK) 2017,529402.0,21.4,33702.0,1.8
475,OPEN JOINT-STOCK SOCIAL COMMERCIAL BANK OF PRIMORYE 'PRIMSOTSBANK' 2014,563275.0,15.47,74762.0,7.79
476,INTERPROGRESSBANK CJSC 2014,522962.0,17.6,55700.0,4.47
477,COMMERCIAL BANK KOLTSO URALA OOO 2014,555107.0,12.4,83836.0,8.74
478,UNITED CAPITAL (JOINT-STOCK BANK) 2018,524718.0,20.1,34693.0,2.19
480,JOINT-STOCK COMMERCIAL BANK SAROVBUSINESSBANK 2014,514150.0,16.9,56399.0,6.1
481,JOINT-STOCK COMPANY 'BYSTROBANK' 2017,529727.0,14.1,85960.0,10.76
482,BANK SGB OJSC 2016,553363.0,10.8,53588.0,5.64
483,DERZHAVA JSCB 2019,411699.0,11.16,36009.0,3.87
484,COMMERCIAL BANK KOLTSO URALA OOO 2019,492403.0,19.0,44402.0,4.55
486,INTERPROGRESSBANK CJSC 2015,507099.0,16.4,68862.0,7.29
488,BMW BANK LLC 2018,492721.0,11.3,55460.0,5.48
490,PJSC 'PLUS-BANK 2016,513121.0,10.2,83168.0,10.01
491,EVROFINANCE MOSNARBANK OAO 2020,399835.0,30.25,36783.0,3.82
492,BMW BANK LLC 2017,490336.0,13.8,55227.0,5.69
493,CHELINDBANK GROUP 2015,431838.0,18.4,66771.0,6.91
494,FAR EASTERN BANK OAO 2019,400640.0,27.14,48253.0,4.88
495,CREDIT URAL BANK 2017,473316.0,14.9,43483.0,5.86
496,BANK OF CHINA (RUSSIA) 2018,424605.0,27.28,25015.0,5.35
497,OPEN JOINT-STOCK SOCIAL COMMERCIAL BANK OF PRIMORYE 'PRIMSOTSBANK' 2015,486681.0,16.34,64789.0,7.41
498,PUBLIC JOINT-STOCK COMMERCIAL BANK PRIMORYE 2019,481513.0,11.65,24727.0,0.65
499,INTERPROGRESSBANK CJSC 2019,440860.0,22.0,59443.0,6.54
500,INTERPROGRESSBANK CJSC 2018,452679.0,17.2,60379.0,7.02
502,CREDIT URAL BANK 2019,442877.0,14.0,44083.0,6.11
503,COMMERCIAL BANK KOLTSO URALA OOO 2017,448385.0,23.9,49329.0,6.93
504,NOVOSIBIRSK SOCIAL COMMERCIAL BANK 'LEVOBEREZHNY' OJSC 2015,477114.0,12.4,65077.0,6.89
505,ARES BANK 2020,482790.0,14.19,25710.0,3.55
506,COMMERCIAL BANK KOLTSO URALA OOO 2020,444107.0,19.1,34446.0,4.14
507,FAR EASTERN BANK OAO 2020,378232.0,30.06,29425.0,4.97
508,JOINT-STOCK COMPANY 'BYSTROBANK' 2018,471221.0,13.0,69923.0,9.5
509,BANK SOLIDARNOST 2019,431961.0,28.9,40931.0,3.06
510,PJSC 'PLUS-BANK 2017,442087.0,12.4,94830.0,10.06
511,PETERSBURG SOCIAL COMMERCIAL BANK 2020,466241.0,15.5,18969.0,3.41
512,COMMERCIAL BANK NATIONAL STANDARD 2018,354981.0,24.91,43491.0,4.86
513,COMMERCIAL BANK ENERGOTRANSBANK ZAO 2020,423254.0,21.6,29451.0,3.31
514,MIR BUSINESS BANK ZAO 2017,418148.0,23.0,20990.0,3.62
515,PETERSBURG SOCIAL COMMERCIAL BANK 2019,453421.0,21.2,25056.0,4.77
516,BANK OF CHINA (RUSSIA) 2017,365244.0,42.8,25152.0,6.12
517,PETERSBURG SOCIAL COMMERCIAL BANK 2013,431028.0,14.61,35704.0,4.73
519,CREDIT URAL BANK 2020,423525.0,12.2,36351.0,5.49
520,COMMERCIAL BANK NATIONAL STANDARD 2019,309160.0,23.35,45633.0,3.78
521,BANK OF CHINA (RUSSIA) 2015,403190.0,41.4,8282.0,0.91
522,INTERPROGRESSBANK CJSC 2020,431507.0,13.52,39798.0,5.27
525,COMMERCIAL BANK KOLTSO URALA OOO 2018,407466.0,25.0,31441.0,3.21
526,JOINT-STOCK COMMERCIAL BANK 'AGROPROMCREDIT' 2014,415032.0,13.5,54587.0,4.08
527,COMMERCIAL BANK ENERGOTRANSBANK ZAO 2017,358460.0,20.8,33939.0,6.01
529,JOINT-STOCK COMPANY 'BYSTROBANK' 2016,410179.0,16.3,75980.0,8.5
531,NS BANK ZAO 2019,377302.0,15.16,33247.0,3.76
532,EVROFINANCE MOSNARBANK OAO 2015,337799.0,25.16,49807.0,6.16
533,ALMAZERGIENBANK JSB 2019,388700.0,14.46,46097.0,8.2
536,JOINT-STOCK COMMERCIAL BANK SAROVBUSINESSBANK 2015,391450.0,23.7,56484.0,8.16
539,CREDIT URAL BANK 2016,403952.0,15.6,41310.0,5.92
540,PUBLIC JOINT-STOCK COMMERCIAL BANK PRIMORYE 2020,408328.0,12.57,20466.0,1.12
541,TATSOTSBANK 2020,343149.0,44.5,22881.0,7.3
542,BANK ICBC JOINT STOCK COMPANY 2012,338426.0,26.8,12861.0,1.83
543,ALEKSANDROVSKY BANK 2013,410756.0,12.7,39682.0,5.87
545,PUBLIC JOINT-STOCK COMMERCIAL BANK PRIMORYE 2018,415116.0,13.98,18510.0,0.4
548,DERZHAVA JSCB 2015,387540.0,12.6,34528.0,3.83
550,UNITED CAPITAL (JOINT-STOCK BANK) 2016,345730.0,33.9,21972.0,2.21
551,CREDIT URAL BANK 2018,367964.0,15.1,36237.0,5.69
552,COMMERCIAL BANK NATIONAL STANDARD 2016,369706.0,27.73,55287.0,3.08
553,COMMERCIAL BANK KOLTSO URALA OOO 2016,362740.0,17.5,59803.0,8.24
554,NS BANK ZAO 2018,350404.0,15.3,31653.0,4.05
555,JOINT-STOCK COMMERCIAL BANK 'ENERGOBANK' 2013,326199.0,41.1,54562.0,8.15
556,DERZHAVA JSCB 2020,252819.0,14.74,31487.0,3.79
558,ARES BANK 2018,397833.0,17.83,28146.0,5.63
559,JOINT-STOCK COMMERCIAL MORTGAGE BANK AKIBANK 2014,357269.0,16.46,43752.0,5.54
561,ARES BANK 2016,391361.0,17.97,24654.0,4.32
566,MERCEDES-BENZ BANK RUS LLC 2019,334174.0,18.93,48753.0,6.48
568,LANTA BANK 2020,387676.0,13.39,17105.0,4.54
571,PJSC 'PLUS-BANK 2013,341136.0,12.0,62961.0,8.84
572,JOINT-STOCK COMMERCIAL BANK SAROVBUSINESSBANK 2020,291219.0,20.3,41767.0,4.66
573,COMMERCIAL BANK KOLTSO URALA OOO 2015,344940.0,16.1,58330.0,4.9
574,COMMERCIAL BANK 'MOSKOMMERTSBANK' OPEN JOINT STOCK COMPANY 2014,284508.0,19.4,44892.0,5.95
575,COMMERCIAL BANK NATIONAL STANDARD 2020,240476.0,26.45,31222.0,3.45
576,PETERSBURG SOCIAL COMMERCIAL BANK 2017,357845.0,20.4,17415.0,2.24
577,NS BANK ZAO 2020,317797.0,17.42,23115.0,2.69
578,COMMERCIAL BANK NATIONAL STANDARD 2017,330092.0,28.29,38730.0,2.69
579,PJSC 'PLUS-BANK 2018,368715.0,8.5,60790.0,8.97
580,MERCEDES-BENZ BANK RUS LLC 2015,321405.0,22.3,55813.0,5.51
582,JOINT-STOCK COMPANY 'BYSTROBANK' 2015,334135.0,16.67,64714.0,6.95
583,JOINT STOCK COMMERCIAL BANK TOGLIATTIKHIMBANK ZAO 2015,346681.0,33.86,20636.0,5.32
586,PETERSBURG SOCIAL COMMERCIAL BANK 2018,348019.0,25.3,21964.0,4.95
587,ALMAZERGIENBANK JSB 2020,304612.0,15.77,37452.0,7.84
588,URALSKY FINANSOVY DOM 2017,336615.0,12.6,39862.0,6.41
589,OPEN JOINT STOCK COMPANY 'ST PETERSBURG INDUSTRIAL JOINT STOCK BANK' 2013,353512.0,12.3,42715.0,6.64
592,COMMERCIAL BANK ENERGOTRANSBANK ZAO 2016,268984.0,23.6,26129.0,6.16
593,THE KALUGA GAS AND ENERGY JOINT-STOCK BANK 'GAZENERGOBANK' 2014,359828.0,13.23,40880.0,7.7
595,DERZHAVA JSCB 2014,313317.0,11.87,23665.0,1.47
596,MERCEDES-BENZ BANK RUS LLC 2020,319494.0,13.25,37871.0,5.06
597,BMW BANK LLC 2016,310347.0,17.4,44113.0,7.01
599,JOINT-STOCK COMMERCIAL BANK 'AGROPROMCREDIT' 2016,322477.0,17.0,43359.0,4.06
600,MERCEDES-BENZ BANK RUS LLC 2017,317506.0,16.44,53948.0,8.69
601,UNITED CAPITAL (JOINT-STOCK BANK) 2015,318859.0,19.4,16205.0,2.54
602,BANK SGB OJSC 2015,341562.0,10.9,47691.0,4.63
604,JOINT-STOCK COMMERCIAL BANK 'AGROPROMCREDIT' 2017,292847.0,17.95,34081.0,3.64
606,NK BANK 2013,304249.0,19.08,40444.0,7.37
612,COMMERCIAL BANK ENERGOTRANSBANK ZAO 2014,234103.0,34.8,18927.0,3.68
614,BMW BANK LLC 2014,288450.0,15.7,49511.0,7.48
615,MERCEDES-BENZ BANK RUS LLC 2018,289041.0,17.17,44173.0,7.0
616,ALEKSANDROVSKY BANK 2017,322654.0,14.5,30861.0,5.81
617,PETERSBURG SOCIAL COMMERCIAL BANK 2016,311779.0,16.4,10150.0,0.2
619,KUBANSKY TORGOVY BANK ZAO 2014,343827.0,24.5,10841.0,8.61
620,BANK SOLIDARNOST 2018,268096.0,40.69,24334.0,2.6
621,NBD BANK 2019,261330.0,24.4,34047.0,6.9
622,J&T BANK 2017,230346.0,24.78,20319.0,2.93
625,JOINT-STOCK COMMERCIAL BANK 'AGROPROMCREDIT' 2015,297918.0,14.2,41712.0,3.71
626,"JSC CB ""ACCEPT 2019",297778.0,14.5,27744.0,4.47
628,JSC URI BANK 2020,305041.0,18.17,13053.0,2.96
629,COMMERCIAL BANK 'MOSKOMMERTSBANK' OPEN JOINT STOCK COMPANY 2015,238952.0,26.5,34110.0,3.78
630,J&T BANK 2019,208804.0,30.65,16736.0,2.62
633,JOINT-STOCK COMMERCIAL MORTGAGE BANK AKIBANK 2015,283336.0,17.56,40033.0,5.67
634,NBD BANK 2017,255384.0,26.9,37490.0,7.81
635,EKATERINBURG NATIONAL CITY BANK OAO 2013,311138.0,11.8,30967.0,5.63
639,J&T BANK 2016,200165.0,26.9,21492.0,3.31
640,PJSC 'PLUS-BANK 2015,281064.0,12.9,43544.0,5.94
642,BANK SOLIDARNOST 2017,209077.0,45.66,26631.0,3.11
643,TATSOTSBANK 2019,189646.0,43.5,26031.0,8.67
644,PJSC TIMER BANK 2015,312920.0,3.1,26127.0,3.68
647,DENIZBANK MOSCOW 2020,222027.0,20.36,16257.0,4.5
649,NBD BANK 2020,239147.0,21.9,28318.0,6.73
651,NBD BANK 2014,267291.0,19.2,34196.0,6.94
657,NBD BANK 2016,246368.0,24.5,38133.0,7.38
658,URALSKY FINANSOVY DOM 2015,278345.0,11.1,37547.0,5.1
660,ALEKSANDROVSKY BANK 2019,266597.0,14.2,27740.0,4.53
661,NK BANK 2012,223484.0,22.53,45360.0,9.6
663,KEB HNB BANK LLC 2019,295666.0,27.1,10461.0,1.64
664,JOINT-STOCK COMMERCIAL BANK 'AGROPROMCREDIT' 2019,239759.0,16.28,23556.0,3.04
666,URALSKY FINANSOVY DOM 2020,253308.0,14.1,25375.0,5.38
667,"JSC CB ""ACCEPT 2017",267626.0,14.94,28697.0,5.14
669,JOINT-STOCK COMMERCIAL BANK 'AGROPROMCREDIT' 2018,252917.0,15.82,26182.0,4.12
671,OAO COMMERCIAL BANK KHLYNOV 2016,255371.0,13.11,36484.0,7.84
672,NBD BANK 2018,228274.0,25.8,30205.0,7.64
674,MERCEDES-BENZ BANK RUS LLC 2016,232983.0,23.71,49216.0,6.56
675,COMMERCIAL BANK 'MOSKOMMERTSBANK' OPEN JOINT STOCK COMPANY 2020,168425.0,40.1,15949.0,3.87
676,DENIZBANK MOSCOW 2019,183745.0,22.3,18935.0,6.04
677,ARES BANK 2017,245142.0,20.22,33241.0,5.85
678,DERZHAVA JSCB 2018,188387.0,11.79,25119.0,2.73
680,BANK RESO CREDIT OJSC 2019,205709.0,18.9,11515.0,3.63
681,PJSC 'PLUS-BANK 2020,231727.0,12.2,54563.0,14.03
684,PETERSBURG SOCIAL COMMERCIAL BANK 2014,235796.0,19.1,15118.0,3.49
685,EVROSITIBANK 2013,235805.0,22.2,27541.0,6.53
687,"JSC CB ""ACCEPT 2018",244560.0,13.86,24626.0,5.25
689,BANK ORENBURG 2017,219975.0,19.15,28969.0,6.02
693,JOINT STOCK COMMERCIAL BANK TOGLIATTIKHIMBANK ZAO 2019,188529.0,38.88,20854.0,6.88
694,BANK SOLIDARNOST 2014,181715.0,12.7,33477.0,8.76
696,JOINT STOCK COMMERCIAL BANK TOGLIATTIKHIMBANK ZAO 2018,208702.0,23.68,19181.0,8.25
699,BANK RESO CREDIT OJSC 2020,180750.0,15.8,12454.0,3.47
702,J&T BANK 2020,161539.0,29.8,16516.0,3.72
703,HOME FINANCING BANK 2015,180081.0,19.51,31128.0,3.5
704,J&T BANK 2018,145265.0,30.7,17937.0,3.98
706,NBD BANK 2015,222572.0,19.8,32532.0,6.27
708,JOINT-STOCK COMMERCIAL BANK 'ENERGOBANK' 2016,189973.0,35.0,41625.0,10.41
710,JOINT-STOCK COMMERCIAL BANK 'AGROPROMCREDIT' 2020,226121.0,14.57,18787.0,4.71
714,PJSC 'PLUS-BANK 2014,219480.0,14.4,41956.0,10.29
716,PRIO-VNESHTORGBANK OAO 2019,227482.0,12.21,16301.0,4.09
718,BMW BANK LLC 2015,204625.0,19.1,32005.0,6.43
719,OAO COMMERCIAL BANK KHLYNOV 2014,222582.0,13.0,29835.0,7.24
720,"JSC CB ""ACCEPT 2020",215512.0,16.72,19861.0,4.46
721,BANK ORENBURG 2019,205534.0,18.3,20285.0,4.91
724,HOME FINANCING BANK 2016,122565.0,16.3,44612.0,6.08
725,HOME FINANCING BANK 2014,106528.0,25.91,30419.0,6.31
726,COMMERCIAL BANK 'MOSKOMMERTSBANK' OPEN JOINT STOCK COMPANY 2018,167167.0,35.8,14529.0,0.74
728,MARITIME BANK 2019,220169.0,11.6,21410.0,5.38
729,PETERSBURG SOCIAL COMMERCIAL BANK 2015,211292.0,16.2,9457.0,1.13
732,MARITIME BANK 2020,219580.0,11.4,17308.0,5.14
733,"JSC CB ""ACCEPT 2016",213222.0,14.9,28043.0,5.84
734,ALEKSANDROVSKY BANK 2020,206782.0,14.5,20840.0,4.53
735,NK BANK 2014,197430.0,21.59,25860.0,7.55
736,PRIO-VNESHTORGBANK OAO 2017,216835.0,12.27,25607.0,11.64
737,ALEKSANDROVSKY BANK 2016,210918.0,11.8,17554.0,5.24
738,"BANK FOR ELECTRIC POWER INDUSTRY, PUBLIC LIMITED COMPANY 2020",209108.0,11.47,31021.0,12.18
743,BELGORODSOTSBANK ZAO 2013,184093.0,19.3,21008.0,3.56
744,JOINT-STOCK COMMERCIAL BANK 'ENERGOBANK' 2020,155493.0,33.5,25401.0,8.05
745,BANK OF KAZAN LLC CBED 2017,201880.0,12.7,27640.0,5.8
750,JOINT-STOCK COMPANY DEVELOPMENT CAPITAL BANK 2014,115793.0,19.9,28245.0,9.36
751,COMMERCIAL BANK ENERGOTRANSBANK ZAO 2015,139270.0,28.0,20587.0,4.99
752,KEB HNB BANK LLC 2018,221942.0,24.3,8007.0,1.69
754,JSC-IB 'KS-BANK' 2017,213591.0,11.5,23217.0,7.46
755,HOME FINANCING BANK 2017,119941.0,18.2,39226.0,6.68
760,VORONEZH OOO 2017,131890.0,10.73,13734.0,2.78
761,JOINT STOCK COMMERCIAL BANK 'FORSHTADT' 2019,157376.0,18.0,23264.0,7.29
763,BANK OF KAZAN LLC CBED 2016,196903.0,10.1,25113.0,6.34
764,PRIO-VNESHTORGBANK OAO 2018,195601.0,13.35,15349.0,5.77
767,BANK ORENBURG 2018,176211.0,20.7,23034.0,6.5
769,CLOSED JOINT-STOCK COMPANY ISBANK 2016,128872.0,37.5,15407.0,5.02
770,J&T BANK 2015,119997.0,36.7,15973.0,4.12
771,NK BANK 2015,185715.0,20.17,21693.0,7.14
772,MARITIME BANK 2017,187027.0,14.0,28726.0,9.17
773,OAO COMMERCIAL BANK KHLYNOV 2015,188611.0,12.9,28283.0,7.57
774,BANK ORENBURG 2020,174296.0,20.44,18558.0,6.07
775,JOINT-STOCK COMMERCIAL BANK 'ENERGOBANK' 2015,161450.0,38.1,31281.0,9.7
776,JOINT STOCK COMMERCIAL BANK TOGLIATTIKHIMBANK ZAO 2016,139876.0,38.31,24832.0,6.41
777,NATSIONALNY INVESTITSIONNO-PROMYSHLENNY 2018,163327.0,19.9,14797.0,4.51
778,PRIO-VNESHTORGBANK OAO 2020,190492.0,11.38,13192.0,4.38
779,MARITIME BANK 2016,186881.0,10.6,33149.0,5.93
781,JOINT-STOCK COMPANY DEVELOPMENT CAPITAL BANK 2020,112190.0,31.7,16679.0,8.67
782,BANK OF KAZAN LLC CBED 2019,168997.0,13.8,20787.0,7.17
785,SBI BANK LLC 2020,112395.0,26.75,17763.0,6.76
787,MARITIME BANK 2018,178020.0,12.2,19679.0,7.44
789,JSC-IB 'KS-BANK' 2019,195256.0,8.53,18531.0,6.22
790,JSC-IB 'KS-BANK' 2016,188981.0,10.8,23092.0,6.52
791,HOME FINANCING BANK 2019,138399.0,15.89,26056.0,7.35
797,OPEN JOINT STOCK COMPANY COMMERCIAL BANK POIDEM 2018,159667.0,12.1,66133.0,29.7
799,PRIO-VNESHTORGBANK OAO 2016,180947.0,11.09,23359.0,9.6
803,BANK OF KAZAN LLC CBED 2018,160510.0,13.1,22301.0,7.92
804,ORENBURG NEW INVESTMENT-COMMERCIAL BANK OF INDUSTRIAL DEVELOPMENT OAO 2019,166909.0,15.06,18421.0,5.4
806,MUNITSIPALNY KAMCHATPROFITBANK 2013,164752.0,11.7,20782.0,8.68
808,OPEN JOINT STOCK COMPANY COMMERCIAL BANK POIDEM 2020,134712.0,12.0,61869.0,28.32
809,JOINT STOCK COMMERCIAL BANK TOGLIATTIKHIMBANK ZAO 2017,114568.0,40.25,25112.0,11.23
810,JOINT STOCK COMMERCIAL BANK 'FORSHTADT' 2020,139193.0,17.7,19011.0,6.87
811,"JSC CB ""ACCEPT 2015",169071.0,13.2,24084.0,5.91
812,ALEKSANDROVSKY BANK 2014,164482.0,14.7,18056.0,5.33
813,NATSIONALNY INVESTITSIONNO-PROMYSHLENNY 2019,141626.0,24.0,14030.0,4.19
814,HOME FINANCING BANK 2020,153545.0,15.82,23379.0,6.0
817,INBANK LTD 2015,159858.0,12.8,17832.0,4.49
818,CLOSED JOINT-STOCK COMPANY ISBANK 2015,112875.0,38.43,17055.0,6.9
819,JOINT-STOCK COMPANY DEVELOPMENT CAPITAL BANK 2015,86181.0,19.9,23670.0,11.35
821,JOINT-STOCK COMPANY DEVELOPMENT CAPITAL BANK 2019,55521.0,31.3,21873.0,13.32
822,JSC-IB 'KS-BANK' 2018,168158.0,10.0,16720.0,6.53
824,NATSIONALNY INVESTITSIONNO-PROMYSHLENNY 2020,115421.0,17.3,10053.0,3.02
825,MIR BUSINESS BANK ZAO 2014,123508.0,38.7,8571.0,6.56
826,PROMTRANSBANK LTD 2018,173213.0,9.0,14217.0,5.61
828,PROMTRANSBANK LTD 2020,169219.0,14.2,15081.0,4.66
829,JOINT STOCK COMMERCIAL BANK 'FORSHTADT' 2018,132195.0,22.4,21902.0,7.75
830,"JSC ""AKTIV BANK 2013",154694.0,13.8,17445.0,6.39
834,CLOSED JOINT-STOCK COMPANY 'KOSHELEV-BANK' 2015,144576.0,19.52,13588.0,6.03
838,PROMTRANSBANK LTD 2019,165640.0,11.37,20599.0,5.18
839,SEVERNY NARODNY BANK OAO 2013,147904.0,17.2,16012.0,7.07
842,HOME FINANCING BANK 2018,101371.0,17.59,26027.0,8.18
843,JSC-IB 'KS-BANK' 2014,155084.0,10.8,16416.0,5.32
845,BANK SNEZHINSKIY PJSC 2019,125902.0,15.96,14473.0,6.57
849,BANK OF KAZAN LLC CBED 2020,129952.0,13.3,13725.0,6.12
851,CORPORATE FINANCE BANK LLC 2019,141436.0,15.77,16167.0,8.0
854,"BANK FOR ELECTRIC POWER INDUSTRY, PUBLIC LIMITED COMPANY 2014",130094.0,15.8,15808.0,6.53
856,PRIO-VNESHTORGBANK OAO 2015,144360.0,11.36,19969.0,10.02
857,SLAVIA BANK 2014,132924.0,17.8,14162.0,4.97
858,OPEN JOINT STOCK COMPANY 'ST PETERSBURG INDUSTRIAL JOINT STOCK BANK' 2014,136136.0,13.4,19385.0,6.94
859,EKATERINBURG NATIONAL CITY BANK OAO 2014,140757.0,11.8,17716.0,6.34
860,JSC-IB 'KS-BANK' 2015,141650.0,11.3,17095.0,4.72
861,JSC-IB 'KS-BANK' 2020,144937.0,8.7,15100.0,6.72
865,BANK FINAM 2020,128891.0,38.78,4013.0,3.25
867,EKATERINBURG NATIONAL CITY BANK OAO 2016,134293.0,14.57,18845.0,8.84
869,UGLEMETBANK OAO 2014,137627.0,11.88,11007.0,3.06
870,SLAVIA BANK 2015,126146.0,17.0,15630.0,4.63
873,CORPORATE FINANCE BANK LLC 2020,124567.0,17.73,10439.0,4.93
874,UGLEMETBANK OAO 2019,123656.0,17.1,9548.0,5.14
876,GARANT-INVEST BANK 2019,91824.0,19.84,21346.0,11.36
879,BANK SNEZHINSKIY PJSC 2017,115816.0,21.62,17248.0,10.19
881,PROMTRANSBANK LTD 2016,130712.0,14.0,20914.0,4.92
882,ASIA-INVEST BANK 2017,115424.0,46.7,5599.0,2.67
883,BELGORODSOTSBANK ZAO 2014,107870.0,19.2,11209.0,3.63
884,ZIRAAT BANK (MOSCOW) CJS 2019,89554.0,31.2,11331.0,6.87
885,TRANSSTROYBANK OAO 2017,114121.0,12.9,16407.0,6.93
890,VORONEZH OOO 2016,102658.0,15.13,12624.0,2.96
891,CORPORATE FINANCE BANK LLC 2017,98074.0,13.9,12931.0,5.71
892,BANK SNEZHINSKIY PJSC 2018,109625.0,20.5,12816.0,8.87
893,UGLEMETBANK OAO 2017,113736.0,18.1,11125.0,6.08
894,SLAVIA BANK 2016,109903.0,16.4,14249.0,3.86
895,OPEN JOINT STOCK COMPANY 'ST PETERSBURG INDUSTRIAL JOINT STOCK BANK' 2015,117338.0,14.4,14612.0,6.83
896,OPEN JOINT STOCK COMPANY 'ST PETERSBURG INDUSTRIAL JOINT STOCK BANK' 2016,115719.0,13.05,16513.0,7.6
897,BANK SNEZHINSKIY PJSC 2016,109357.0,19.06,16532.0,7.89
899,ALEKSANDROVSKY BANK 2015,112839.0,14.6,16327.0,6.11
901,JOINT-STOCK COMPANY DEVELOPMENT CAPITAL BANK 2018,34715.0,30.0,20815.0,14.74
902,TRANSSTROYBANK OAO 2016,110352.0,12.1,14786.0,6.11
904,JSCB ZARECHYE 2014,108428.0,17.5,7561.0,7.13
908,"JSC ""AKTIV BANK 2020",116975.0,18.3,9931.0,5.86
909,BANK OF KAZAN LLC CBED 2014,111710.0,13.1,12533.0,6.61
910,SLAVIA BANK 2017,104083.0,16.1,13692.0,5.96
911,BANK OF KAZAN LLC CBED 2015,113906.0,13.0,15366.0,6.51
912,ASIA-INVEST BANK 2014,109464.0,26.7,8652.0,5.08
915,ZIRAAT BANK (MOSCOW) CJS 2020,81153.0,33.7,9633.0,6.47
916,BELGORODSOTSBANK ZAO 2019,101558.0,23.9,9076.0,5.71
917,SIBSOTSBANK OOO 2019,103803.0,35.69,9950.0,6.24
918,BELGORODSOTSBANK ZAO 2017,99382.0,24.5,11419.0,5.92
919,JOINT STOCK COMPANY UNIVERSAL COMMERCIAL BANK OF NOVGOROD 'NOVOBANK' 2020,101812.0,38.55,5980.0,3.72
920,TRANSSTROYBANK OAO 2019,94118.0,13.3,13030.0,5.67
922,SEVERNY NARODNY BANK OAO 2019,99755.0,24.99,8760.0,5.78
923,SIBSOTSBANK OOO 2017,99328.0,36.91,9903.0,5.69
924,OAO GUTA-BANK 2015,86636.0,25.7,12818.0,7.6
925,"JSC ""AKTIV BANK 2017",103075.0,34.1,12700.0,16.4
928,JOINT STOCK COMPANY UNIVERSAL COMMERCIAL BANK OF NOVGOROD 'NOVOBANK' 2019,95536.0,42.64,5955.0,1.13
930,BANK RESO CREDIT OJSC 2017,66110.0,15.1,5293.0,2.7
931,"BANK FOR ELECTRIC POWER INDUSTRY, PUBLIC LIMITED COMPANY 2015",95426.0,17.6,13546.0,7.24
932,"JSC ""AKTIV BANK 2014",102658.0,16.7,12763.0,8.49
933,EKATERINBURG NATIONAL CITY BANK OAO 2015,104954.0,12.66,14241.0,7.51
934,TRANSSTROYBANK OAO 2014,94072.0,17.6,11535.0,4.69
935,OPEN JOINT STOCK COMPANY 'ST PETERSBURG INDUSTRIAL JOINT STOCK BANK' 2017,100082.0,13.49,13084.0,6.38
937,"JSC ""AKTIV BANK 2016",99704.0,29.4,13852.0,11.53
939,SEVERNY NARODNY BANK OAO 2017,95862.0,27.36,10875.0,5.78
941,COMMERCIAL BANK 'DOLINSK' CLOSED JOINT-STOCK COMPANY 2013,105641.0,17.34,6554.0,6.02
943,ASIA-INVEST BANK 2016,94214.0,42.6,4471.0,1.71
944,BELGORODSOTSBANK ZAO 2016,89459.0,23.7,10708.0,4.39
945,JOINT STOCK COMPANY UNIVERSAL COMMERCIAL BANK OF NOVGOROD 'NOVOBANK' 2017,88349.0,38.3,7368.0,2.32
946,COMMERCIAL BANK 'GAZTRANSBANK' LIMITED LIABILITY COMPANY 2017,84411.0,28.5,16109.0,10.22
949,ROSTFINANCE OOO 2017,83845.0,19.3,8218.0,3.78
950,UGLEMETBANK OAO 2015,98242.0,15.0,10357.0,3.63
951,BANK FINAM 2017,83836.0,37.7,8314.0,5.34
953,UGLEMETBANK OAO 2016,90113.0,16.4,11486.0,6.51
954,COMMERCIAL INDO BANK LLC 2020,78948.0,46.17,2893.0,5.86
957,BANK FINAM 2019,78148.0,49.04,5014.0,3.45
959,ROSTFINANCE OOO 2019,82339.0,16.1,10709.0,4.91
960,SEVERNY NARODNY BANK OAO 2020,87734.0,24.09,5812.0,6.23
961,SEVERNY NARODNY BANK OAO 2018,88431.0,26.64,6656.0,3.17
963,ASIA-INVEST BANK 2019,79618.0,34.3,4387.0,1.72
966,MUNITSIPALNY KAMCHATPROFITBANK 2014,91123.0,12.4,11278.0,8.82
967,ZIRAAT BANK (MOSCOW) CJS 2017,60327.0,40.1,9721.0,8.48
968,PROMTRANSBANK LTD 2017,92848.0,9.1,14858.0,6.63
969,ROSTFINANCE OOO 2018,79172.0,19.3,7639.0,3.7
970,SLAVIA BANK 2019,83298.0,15.61,9391.0,6.07
972,"SINKO-BANK, OOO 2015",91905.0,12.3,11328.0,9.8
973,BELGORODSOTSBANK ZAO 2020,82353.0,25.4,6990.0,4.85
975,UGLEMETBANK OAO 2018,86754.0,19.2,8974.0,6.05
976,COMMERCIAL BANK 'GAZTRANSBANK' LIMITED LIABILITY COMPANY 2019,76477.0,24.26,9823.0,5.9
978,ASIA-INVEST BANK 2018,80543.0,38.4,5992.0,2.81
980,CORPORATE FINANCE BANK LLC 2018,75742.0,13.3,10369.0,6.01
981,BELGORODSOTSBANK ZAO 2018,84504.0,23.7,9115.0,6.66
982,BANK ORANGE LLC 2019,93032.0,11.08,15080.0,12.47
983,TRANSSTROYBANK OAO 2018,84361.0,14.29,11153.0,6.01
985,ASIA-INVEST BANK 2012,77173.0,41.42,9584.0,6.96
986,SIBSOTSBANK OOO 2020,83789.0,36.33,8072.0,6.55
987,MUNITSIPALNY KAMCHATPROFITBANK 2016,83983.0,14.0,12585.0,9.4
988,BELGORODSOTSBANK ZAO 2015,82566.0,22.4,9691.0,3.58
989,TRANSSTROYBANK OAO 2020,76940.0,13.91,9906.0,6.14
990,TRANSSTROYBANK OAO 2015,84324.0,15.2,10287.0,5.06
992,ZEMSKY BANK 2019,85598.0,19.2,9758.0,6.24
996,SIBSOTSBANK OOO 2018,81538.0,36.88,8938.0,5.86
997,ZEMSKY BANK 2017,85461.0,16.5,10824.0,6.68
999,"SINKO-BANK, OOO 2014",86834.0,13.51,10283.0,11.26
1001,BANK ORANGE LLC 2014,89998.0,13.8,10264.0,7.7
1003,IS BANK 2016,55795.0,20.32,4481.0,4.09
1004,UGLEMETBANK OAO 2020,78188.0,16.5,7000.0,4.65
1005,BANK FINAM 2018,71307.0,47.92,6612.0,4.79
1006,BANK ORANGE LLC 2016,87941.0,9.9,14134.0,8.57
1007,VORONEZH OOO 2015,80115.0,10.9,9111.0,3.5
1008,UNISTREAM COMMERCIAL BANK JSC 2016,76031.0,13.87,2266.0,4.93
1009,ZIRAAT BANK (MOSCOW) CJS 2018,56258.0,36.0,9793.0,8.44
1010,JOINT STOCK COMPANY UNIVERSAL COMMERCIAL BANK OF NOVGOROD 'NOVOBANK' 2018,74735.0,36.3,5941.0,1.14
1011,JOINT STOCK COMPANY UNIVERSAL COMMERCIAL BANK OF NOVGOROD 'NOVOBANK' 2016,74236.0,33.1,7149.0,3.72
1012,OPEN JOINT STOCK COMPANY 'ST PETERSBURG INDUSTRIAL JOINT STOCK BANK' 2018,80997.0,13.16,8263.0,5.3
1014,COMMERCIAL BANK OF MOSCOW OAO 2014,78301.0,28.35,3646.0,2.51
1019,BANK ORANGE LLC 2017,83413.0,11.7,15413.0,10.94
1020,IS BANK 2017,52879.0,17.61,7026.0,6.93
1023,KUBANSKY TORGOVY BANK ZAO 2015,75201.0,29.1,13384.0,7.71
1026,UNISTREAM COMMERCIAL BANK JSC 2019,46665.0,15.03,744.0,-1.04
1029,KUBANSKY TORGOVY BANK ZAO 2019,64680.0,46.75,5825.0,5.36
1030,COMMERCIAL BANK 'GAZTRANSBANK' LIMITED LIABILITY COMPANY 2018,63550.0,25.68,9966.0,7.17
1031,BANK ORANGE LLC 2020,76620.0,10.55,11140.0,9.76
1032,ZEMSKY BANK 2018,72941.0,18.2,8409.0,6.3
1034,ZIRAAT BANK (MOSCOW) CJS 2016,50110.0,43.4,6755.0,9.63
1035,SLAVIA BANK 2018,71199.0,13.6,9989.0,5.76
1036,ASIA-INVEST BANK 2015,71874.0,35.0,5160.0,3.13
1037,CITY INVEST BANK 2014,44790.0,28.9,7083.0,10.33
1038,"JSC ""AKTIV BANK 2015",72508.0,20.5,12419.0,9.15
1039,ROSTFINANCE OOO 2020,63691.0,16.8,8618.0,5.86
1040,ZEMSKY BANK 2020,72302.0,17.5,7421.0,5.56
1041,IS BANK 2019,62264.0,17.55,7233.0,12.18
1043,CITY INVEST BANK 2013,50043.0,35.5,7763.0,10.9
1045,COMMERCIAL BANK 'GAZTRANSBANK' LIMITED LIABILITY COMPANY 2020,58710.0,24.92,7558.0,5.27
1046,BANK ORANGE LLC 2018,75319.0,10.93,13224.0,7.65
1048,MUNITSIPALNY KAMCHATPROFITBANK 2018,70765.0,14.1,7590.0,6.86
1050,ASIA-INVEST BANK 2020,60996.0,38.0,2907.0,1.37
1052,ZEMSKY BANK 2016,70758.0,14.8,10189.0,6.14
1055,VORONEZH OOO 2014,72160.0,15.58,6321.0,4.74
1057,SLAVIA BANK 2020,61354.0,15.38,6953.0,5.08
1058,KUBANSKY TORGOVY BANK ZAO 2017,58462.0,49.47,8476.0,5.06
1060,KUBANSKY TORGOVY BANK ZAO 2018,59832.0,46.6,5044.0,4.82
1062,BANK ORANGE LLC 2015,72240.0,10.3,9530.0,7.39
1064,COMMERCIAL BANK OF MOSCOW OAO 2017,60585.0,41.3,5184.0,5.94
1065,COMMERCIAL BANK 'DOLINSK' CLOSED JOINT-STOCK COMPANY 2019,71654.0,14.39,4568.0,12.85
1066,CLOSED JOINT-STOCK COMPANY 'KOSHELEV-BANK' 2013,47764.0,43.9,4337.0,5.24
1067,VITABANK INC 2016,68462.0,15.3,8055.0,5.2
1071,UNISTREAM COMMERCIAL BANK JSC 2015,62455.0,12.7,1387.0,4.42
1072,SAUBER BANK 2019,57780.0,35.7,6159.0,10.17
1073,BEST EFFORTS BANK 2016,56120.0,47.2,2993.0,1.43
1074,COMMERCIAL BANK 'DOLINSK' CLOSED JOINT-STOCK COMPANY 2017,70402.0,35.61,5772.0,16.75
1078,SAUBER BANK 2020,58816.0,42.1,3302.0,2.34
1079,INVESTMENT BANK VESTA 2020,58483.0,23.56,6275.0,7.14
1082,COMMERCIAL BANK 'DOLINSK' CLOSED JOINT-STOCK COMPANY 2016,68875.0,22.8,4797.0,10.34
1083,KROKUS-BANK OOO 2019,52352.0,47.46,5120.0,9.46
1086,UNISTREAM COMMERCIAL BANK JSC 2014,55457.0,15.1,1073.0,3.49
1087,JOINT STOCK COMPANY UNIVERSAL COMMERCIAL BANK OF NOVGOROD 'NOVOBANK' 2014,56475.0,22.1,6568.0,5.37
1088,CITY INVEST BANK 2019,37389.0,32.7,8615.0,11.96
1090,COMMERCIAL BANK OF MOSCOW OAO 2019,50271.0,43.5,4706.0,8.93
1093,BEST EFFORTS BANK 2013,36953.0,38.8,5385.0,5.05
1094,COMMERCIAL BANK KREMLIOVSKY 2019,32347.0,29.6,6238.0,9.13
1097,CITY INVEST BANK 2020,39390.0,31.32,6053.0,9.47
1098,OAO GUTA-BANK 2016,26459.0,45.4,11531.0,10.12
1101,COMMERCIAL BANK OF MOSCOW OAO 2016,52351.0,36.6,6254.0,6.25
1102,BRATSKIY ANKB 2017,62038.0,15.0,6048.0,6.24
1103,BRATSKIY ANKB 2019,59754.0,14.5,5132.0,6.67
1105,"SINKO-BANK, OOO 2016",46796.0,24.4,12787.0,10.95
1107,MUNITSIPALNY KAMCHATPROFITBANK 2019,54230.0,16.71,12863.0,17.18
1110,COMMERCIAL BANK 'DOLINSK' CLOSED JOINT-STOCK COMPANY 2018,60220.0,19.62,4330.0,15.9
1113,COMMERCIAL BANK KREMLIOVSKY 2017,26274.0,24.4,5120.0,3.72
1116,JOINT STOCK COMPANY UNIVERSAL COMMERCIAL BANK OF NOVGOROD 'NOVOBANK' 2015,49648.0,28.4,6519.0,6.6
1117,COMMERCIAL BANK OF MOSCOW OAO 2015,49965.0,32.36,4811.0,4.99
1120,IS BANK 2018,50396.0,21.71,5938.0,8.57
1121,ZEMSKY BANK 2015,55486.0,13.6,7427.0,2.92
1123,BEST EFFORTS BANK 2018,45755.0,36.33,3719.0,2.77
1124,COMMERCIAL BANK 'DOLINSK' CLOSED JOINT-STOCK COMPANY 2014,57375.0,22.05,3640.0,6.23
1127,FIRST INVESTMENT JSCB 2016,42298.0,28.9,5439.0,10.49
1128,KUBANSKY TORGOVY BANK ZAO 2020,41667.0,44.4,3671.0,3.8
1129,COMMERCIAL BANK 'DOLINSK' CLOSED JOINT-STOCK COMPANY 2020,54741.0,13.19,3089.0,7.38
1130,BEST EFFORTS BANK 2015,45773.0,42.4,2679.0,1.02
1131,CITY INVEST BANK 2018,22567.0,36.8,7991.0,13.24
1132,VITABANK INC 2014,52799.0,13.9,6590.0,6.29
1135,"BANK VENETS, OAO 2014",47068.0,23.0,7237.0,9.34
1136,"JSC RNCO ""KHOLMSK 2013",52135.0,22.49,5290.0,7.56
1137,KROKUS-BANK OOO 2017,43414.0,48.07,4852.0,8.57
1138,VITABANK INC 2017,51357.0,16.1,8200.0,6.48
1139,VOLOGZHANIN BANK AO 2019,50447.0,14.5,6021.0,10.59
1140,COMMERCIAL BANK KREMLIOVSKY 2020,26216.0,44.8,4533.0,8.18
1141,MKB IM. S. ZHIVAGO OOO 2017,51496.0,12.8,6968.0,9.72
1142,"JSC ""PROBANK 2014",44811.0,22.5,7569.0,12.4
1143,JSCB ZARECHYE 2020,43912.0,38.65,2335.0,3.62
1151,BEST EFFORTS BANK 2014,37524.0,29.9,3889.0,2.79
1152,MKB IM. S. ZHIVAGO OOO 2020,51338.0,11.6,3012.0,6.43
1157,OAO BANK 'ORBANK' 2018,42632.0,16.6,3930.0,6.69
1160,BRATSKIY ANKB 2020,46497.0,16.9,3927.0,5.1
1162,COMMERCIAL BANK KREMLIOVSKY 2018,21581.0,26.1,6029.0,9.1
1163,VITABANK INC 2015,46754.0,13.3,5864.0,5.92
1165,VOLOGZHANIN BANK AO 2018,40377.0,16.9,6802.0,13.71
1166,COMMERCIAL BANK 'DOLINSK' CLOSED JOINT-STOCK COMPANY 2015,48835.0,15.75,3380.0,7.24
1167,KROKUS-BANK OOO 2014,45709.0,22.9,4147.0,10.32
1168,BRATSKIY ANKB 2016,47046.0,15.2,5923.0,6.09
1170,OAO BANK 'ORBANK' 2019,42527.0,20.83,2962.0,3.89
1171,CITY INVEST BANK 2015,25483.0,37.0,7119.0,11.35
1174,BRATSKIY ANKB 2018,45898.0,15.7,5062.0,7.82
1176,CJSC BANK AGROROS 2014,45274.0,17.4,3248.0,4.26
1177,VOLOGZHANIN BANK AO 2020,44380.0,13.9,4427.0,8.68
1178,MKB IM. S. ZHIVAGO OOO 2016,44648.0,11.5,7446.0,10.39
1181,UNISTREAM COMMERCIAL BANK JSC 2020,27552.0,16.2,418.0,-0.75
1182,"SINKO-BANK, OOO 2019",26654.0,34.6,4083.0,8.1
1184,KROKUS-BANK OOO 2016,38711.0,36.22,4491.0,11.77
1187,SAUBER BANK 2018,34726.0,36.9,4871.0,13.43
1189,"SINKO-BANK, OOO 2017",28576.0,37.0,7911.0,14.13
1190,CLOSE CORPORATION 'PERVOURALSKBANK' JOINT-STOCK COMMERCIAL BANK 2019,43664.0,12.48,6898.0,12.56
1191,ST PETERSBURG INVESTMENT BANK INC 2016,42274.0,19.9,3078.0,8.99
1193,"JSC RNCO ""KHOLMSK 2012",41880.0,22.68,6202.0,10.65
1194,CLOSE CORPORATION 'PERVOURALSKBANK' JOINT-STOCK COMMERCIAL BANK 2020,43474.0,13.2,5989.0,9.81
1196,JOINT-STOCK COMPANY COMMERCIAL INVESTMENT BANK EUROALLIANCE 2017,42041.0,16.13,4483.0,5.8
1197,JOINT-STOCK COMPANY COMMERCIAL INVESTMENT BANK EUROALLIANCE 2016,41777.0,18.23,4358.0,5.5
1202,JOINT STOCK COMMERCIAL BANK TENDER-BANK AO 2019,22324.0,15.83,4832.0,13.39
1203,MKB IM. S. ZHIVAGO OOO 2019,41915.0,15.2,5016.0,13.32
1204,VIKING BANK 2017,33340.0,26.0,3118.0,5.91
1205,URALPROMBANK OAO 2020,38270.0,34.09,3038.0,5.3
1207,SAUBER BANK 2014,32530.0,36.4,3276.0,5.79
1211,ELITA OOO 2018,44038.0,33.2,3592.0,8.43
1212,"JSC ""PROBANK 2015",35753.0,18.34,5108.0,10.0
1215,KROKUS-BANK OOO 2015,38884.0,32.8,4171.0,17.26
1216,VITABANK INC 2018,40153.0,17.3,3858.0,5.49
1218,NOVOKIB LLC 2018,39425.0,35.1,3754.0,18.51
1219,BRATSKIY ANKB 2015,40124.0,13.55,4146.0,5.1
1221,ELITA OOO 2017,32206.0,31.5,5018.0,9.73
1223,INTERNATSIONALNY TORGOVY BANK 2018,34905.0,17.8,3674.0,4.39
1227,INTERNATSIONALNY TORGOVY BANK 2019,36156.0,16.85,3657.0,5.79
1229,MKB IM. S. ZHIVAGO OOO 2018,36798.0,15.8,4998.0,12.03
1230,KETOVO COMMERCIAL BANK 2019,33225.0,18.79,4760.0,14.74
1231,"SINKO-BANK, OOO 2020",20853.0,44.19,3269.0,6.9
1232,GAZNEFTBANK OAO 2019,37056.0,14.21,4506.0,10.72
1234,SAUBER BANK 2017,26424.0,26.3,3648.0,8.86
1235,"INVESTMENT COMMERCIAL BANK DEVELOPMENT ""YARINTERBANK"" OOO 2019",35599.0,13.7,4017.0,9.32
1236,JSCB ZARECHYE 2018,25461.0,40.7,3159.0,5.23
1238,"SINKO-BANK, OOO 2018",22467.0,39.2,3436.0,9.21
1239,FIRST INVESTMENT JSCB 2015,30225.0,23.1,3787.0,11.87
1240,JOINT-STOCK COMPANY COMMERCIAL INVESTMENT BANK EUROALLIANCE 2018,34549.0,18.9,3085.0,7.86
1241,SELMASHBANK CRA 2018,33579.0,35.9,2332.0,4.55
1244,JOINT-STOCK COMPANY COMMERCIAL INVESTMENT BANK EUROALLIANCE 2019,32717.0,20.5,3111.0,10.34
1245,ERMAK JSC 2018,27015.0,39.4,3225.0,16.21
1247,ERMAK JSC 2019,25876.0,44.0,3496.0,28.19
1248,OAO BANK 'ORBANK' 2020,32677.0,21.59,2463.0,4.05
1249,ROSSITA-BANK OOO 2020,30258.0,26.6,2264.0,8.05
1250,COMMERCIAL BANK GLOBUS OAO 2019,31653.0,26.43,3443.0,6.0
1252,JOINT-STOCK COMPANY COMMERCIAL INVESTMENT BANK EUROALLIANCE 2015,32624.0,17.81,3975.0,7.05
1254,COMMERCIAL BANK GLOBUS OAO 2020,31738.0,23.86,2789.0,6.68
1255,LLC AUTOCREDITBANK 2020,30357.0,38.02,1828.0,3.78
1256,SAUBER BANK 2016,25844.0,28.8,3460.0,8.48
1258,COMMERCIAL BANK GLOBUS OAO 2017,26486.0,17.28,3600.0,7.5
1259,VITABANK INC 2019,33418.0,22.0,4510.0,13.43
1261,GAZNEFTBANK OAO 2018,31754.0,13.16,3753.0,7.37
1262,"INVESTMENT COMMERCIAL BANK DEVELOPMENT ""YARINTERBANK"" OOO 2020",31773.0,12.7,3222.0,7.92
1263,SOCIUM-BANK LLC 2014,28549.0,19.9,3362.0,9.0
1267,PERVIY DORTRANSBANK 2019,29688.0,27.4,4032.0,12.87
1268,KETOVO COMMERCIAL BANK 2020,28025.0,18.03,4000.0,13.46
1269,"JSC ""PROBANK 2017",24973.0,30.3,3352.0,15.88
1271,ST PETERSBURG INVESTMENT BANK INC 2014,23372.0,30.1,2927.0,7.57
1275,KETOVO COMMERCIAL BANK 2017,26688.0,21.55,5564.0,16.61
1276,BANK 'YOSHKAR-OLA' OAO 2019,29017.0,27.8,2599.0,4.88
1277,LLC AUTOCREDITBANK 2018,27442.0,28.6,1559.0,3.95
1278,SAUBER BANK 2015,23882.0,30.4,2823.0,7.57
1281,CLOSED JOINT STOCK COMPANY COMMERCIAL BANK 'ARZAMAS' 2019,26458.0,29.59,3066.0,5.56
1283,COMMERCIAL BANK GLOBUS OAO 2018,27159.0,23.8,2701.0,4.35
1285,"JSC RNCO ""KHOLMSK 2014",29572.0,20.87,3277.0,7.98
1286,GAZNEFTBANK OAO 2020,28977.0,15.33,2958.0,8.49
1288,CLOSE CORPORATION 'PERVOURALSKBANK' JOINT-STOCK COMMERCIAL BANK 2018,27907.0,18.55,4532.0,10.97
1289,SOCIUM-BANK LLC 2017,22962.0,31.4,2636.0,7.87
1294,SOCIUM-BANK LLC 2016,23438.0,23.6,3006.0,9.39
1295,SOCIUM-BANK LLC 2020,17274.0,48.16,1159.0,3.63
1299,JOINT STOCK COMMERCIAL BANK TENDER-BANK AO 2018,11581.0,26.97,2410.0,11.96
1300,BANK 'YOSHKAR-OLA' OAO 2018,26817.0,23.9,2993.0,5.73
1301,JOINT STOCK COMMERCIAL BANK SERVICE-RESERVE BANK 2018,26480.0,41.4,1095.0,16.78
1302,"INVESTMENT COMMERCIAL BANK DEVELOPMENT ""YARINTERBANK"" OOO 2018",25775.0,15.6,2839.0,9.88
1303,"JSC ""PROBANK 2018",23479.0,49.3,3045.0,10.73
1306,COMMERCIAL BANK GLOBUS OAO 2016,19535.0,21.6,3466.0,7.32
1307,CLOSED JOINT STOCK COMPANY COMMERCIAL BANK 'ARZAMAS' 2020,23998.0,29.41,2523.0,5.01
1309,PERVIY DORTRANSBANK 2017,24707.0,28.0,3121.0,8.65
1310,ROSSITA-BANK OOO 2019,21293.0,30.16,3047.0,11.12
1311,CLOSED JOINT STOCK COMPANY COMMERCIAL BANK 'ARZAMAS' 2017,19173.0,25.9,3641.0,7.64
1312,BANK 'YOSHKAR-OLA' OAO 2020,25092.0,26.2,1772.0,3.69
1313,COMMERCIAL BANK GLOBUS OAO 2014,24624.0,17.4,3218.0,6.38
1314,OJSC CB SPUTNIK 2019,23310.0,24.15,1489.0,5.41
1315,ERMAK JSC 2020,17609.0,47.61,1803.0,17.55
1316,VIKING BANK 2016,15743.0,37.1,3533.0,10.52
1317,PERVIY DORTRANSBANK 2020,24420.0,26.49,2132.0,6.44
1318,JOINT STOCK COMMERCIAL BANK SERVICE-RESERVE BANK 2017,23136.0,40.0,1791.0,19.02
1319,INTERNATSIONALNY TORGOVY BANK 2020,24158.0,21.5,2028.0,5.89
1321,NOOSFERA LTD 2017,23877.0,29.2,2630.0,11.05
1323,KETOVO COMMERCIAL BANK 2018,22257.0,20.2,4182.0,16.07
1325,KETOVO COMMERCIAL BANK 2016,22521.0,20.29,4501.0,13.76
1326,ROSTFINANCE OOO 2014,18109.0,21.3,2075.0,6.76
1327,NOOSFERA LTD 2019,21369.0,47.4,1858.0,15.05
1329,NOVY MOSKOVSKY BANK OOO 2019,20090.0,33.3,3517.0,21.8
1331,SARATOV OOO 2016,16889.0,32.8,3049.0,6.92
1333,JOINT-STOCK COMPANY COMMERCIAL INVESTMENT BANK EUROALLIANCE 2020,22084.0,23.3,1542.0,5.3
1336,VITABANK INC 2020,24501.0,19.2,1828.0,5.62
1337,LLC AUTOCREDITBANK 2019,18895.0,47.34,1782.0,4.09
1338,"JSC RNCO ""KHOLMSK 2016",22538.0,43.68,1198.0,-0.97
1341,"COMMERCIAL BANK ""KALUGA"" OOO 2019",22619.0,23.9,2548.0,7.13
1342,COMMERCIAL BANK GLOBUS OAO 2015,20470.0,19.4,3046.0,7.29
1343,PERVIY DORTRANSBANK 2018,21427.0,27.6,2385.0,7.09
1344,NOVY MOSKOVSKY BANK OOO 2020,17696.0,31.77,1991.0,16.27
1347,"JSC RNCO ""KHOLMSK 2017",22072.0,33.78,2017.0,4.18
1348,SARATOV OOO 2014,14533.0,36.38,2665.0,5.78
1349,CLOSED JOINT STOCK COMPANY COMMERCIAL BANK 'ARZAMAS' 2018,19541.0,32.22,2786.0,6.72
1352,"JSC RNCO ""KHOLMSK 2015",22690.0,28.08,2342.0,6.72
1354,NOVY MOSKOVSKY BANK OOO 2018,17542.0,34.6,1715.0,10.94
1356,AKB 'KUZBASSKHIMBANK' OAO 2019,19838.0,19.8,3235.0,12.3
1358,NOVOKIB LLC 2019,18645.0,38.5,3409.0,14.2
1359,OJSC CB SPUTNIK 2018,19978.0,25.9,1550.0,4.34
1361,JOINT STOCK COMMERCIAL BANK SERVICE-RESERVE BANK 2016,19241.0,40.6,1662.0,13.21
1362,CLOSED JOINT STOCK COMPANY COMMERCIAL BANK 'ARZAMAS' 2016,16506.0,29.2,3408.0,8.64
1367,COMMERCIAL BANK AGORA 2020,19578.0,46.7,1070.0,8.59
1368,SOCIUM-BANK LLC 2015,18289.0,21.9,3664.0,12.45
1369,CJSC POCHTOBANK 2017,17413.0,28.0,2661.0,9.96
1370,OJSC CB SPUTNIK 2020,18124.0,27.11,1073.0,4.28
1371,OJSC NORODNYI DOVERITELNYI BANK 2020,14521.0,30.1,642.0,4.68
1372,AKB 'KUZBASSKHIMBANK' OAO 2020,18355.0,18.9,2654.0,10.93
1374,ROSSITA-BANK OOO 2018,15868.0,32.9,2612.0,11.02
1375,"COMMERCIAL BANK ""KALUGA"" OOO 2018",19563.0,27.9,2379.0,6.09
1380,NOOSFERA LTD 2020,16436.0,45.03,1548.0,18.01
1382,ALTYINBANK LLC 2019,13930.0,33.06,2021.0,9.69
1385,JOINT STOCK COMMERCIAL BANK SERVICE-RESERVE BANK 2014,16591.0,34.4,1279.0,7.61
1386,PROMSELHOZBANK OJSC 2019,13531.0,17.91,1658.0,6.34
1387,NALCHIK BANK 2019,13867.0,43.5,2486.0,19.17
1388,AKB 'KUZBASSKHIMBANK' OAO 2018,16238.0,23.2,2547.0,9.68
1389,CJSC POCHTOBANK 2019,15861.0,28.3,1957.0,7.3
1390,PERVIY DORTRANSBANK 2016,16878.0,27.86,2961.0,8.52
1391,"COMMERCIAL BANK ""KALUGA"" OOO 2020",18843.0,27.2,1718.0,5.81
1394,MTI-BANK ZAO 2020,13176.0,31.08,1406.0,9.56
1397,OJSC CB SOKOLOVSKY 2014,17398.0,25.0,3430.0,14.2
1398,COMMERCIAL BANK AGORA 2018,16893.0,43.9,1675.0,11.11
1399,PERVIY DORTRANSBANK 2014,15992.0,25.05,2055.0,6.93
1400,NOVOKIB LLC 2020,15130.0,40.32,1801.0,11.75
1401,NALCHIK BANK 2018,13231.0,43.9,1943.0,15.66
1405,"JSC ""PROBANK 2016",11440.0,35.89,5034.0,14.27
1410,PRIMORSKY TERRITORIAL COMMERCIAL BANK 2019,16783.0,22.36,1636.0,10.32
1411,VIKING BANK 2020,9653.0,34.14,1812.0,10.08
1414,CJSC POCHTOBANK 2018,14054.0,28.4,2019.0,8.64
1416,"BANK IDM"" (PJSC) 2020",11302.0,47.15,1599.0,10.02
1417,PERVIY DORTRANSBANK 2015,15520.0,25.78,2356.0,7.99
1421,OPEN JOINT-STOCK COMMERCIAL BANK 'KHIMIK' 2016,13419.0,33.5,2290.0,10.12
1424,KURGAN BANK 2019,11438.0,42.01,2036.0,11.78
1426,PRIMORSKY TERRITORIAL COMMERCIAL BANK 2020,11115.0,33.94,1560.0,8.82
1429,SARATOV OOO 2015,9810.0,36.0,2317.0,7.05
1430,MTI-BANK ZAO 2019,12068.0,34.15,2098.0,22.32
1432,OPEN JOINT-STOCK COMMERCIAL BANK 'KHIMIK' 2017,12402.0,34.5,1997.0,10.88
1433,JOINT STOCK COMMERCIAL BANK SERVICE-RESERVE BANK 2015,13496.0,32.2,1157.0,9.57
1434,PROMSELHOZBANK OJSC 2020,10215.0,18.17,1328.0,6.18
1435,PRIMORSKY TERRITORIAL COMMERCIAL BANK 2018,14741.0,29.47,1509.0,15.06
1438,SUMMIT BANK 2019,14082.0,33.1,1821.0,6.25
1441,KURGAN BANK 2020,10491.0,46.43,1434.0,10.53
1442,CB 'BAIKALCREDOBANK' JSC 2019,12113.0,38.3,1747.0,9.18
1443,OJSC CB SOKOLOVSKY 2015,13432.0,25.29,2549.0,14.92
1444,SUMMIT BANK 2018,13064.0,36.4,1738.0,8.07
1448,SUMMIT BANK 2020,12110.0,37.3,1433.0,5.96
1450,EATP BANK 2019,9681.0,26.7,2309.0,14.42
1452,CB 'BAIKALCREDOBANK' JSC 2020,10732.0,37.2,1248.0,7.08
1454,CJSC POCHTOBANK 2020,9115.0,36.6,1306.0,7.9
1455,EATP BANK 2018,9244.0,28.6,2256.0,14.2
1456,OPEN JOINT-STOCK COMMERCIAL BANK 'KHIMIK' 2018,10762.0,37.7,1326.0,10.58
1457,COMMERCIAL BANK OF DEVELOPMENT OF SPECIAL CONSTRUCTION 'SPETSSTROYBANK' 2019,5976.0,46.31,1994.0,15.03
1458,CB 'BAIKALCREDOBANK' JSC 2018,9501.0,41.4,1545.0,7.3
1459,COMMERCIAL BANK SLAVYANBANK 2016,8335.0,47.2,1279.0,16.59
1461,EATP BANK 2020,8856.0,26.6,1799.0,13.54
1463,COMMERCIAL BANK SLAVYANBANK 2014,7622.0,38.2,1015.0,10.37
1464,OPEN JOINT-STOCK COMMERCIAL BANK 'KHIMIK' 2019,9305.0,44.8,1258.0,11.92
1465,MTI-BANK ZAO 2018,8110.0,37.7,1563.0,21.97
1466,OPEN JOINT-STOCK COMMERCIAL BANK 'KHIMIK' 2020,9695.0,46.1,726.0,7.62
1468,OJSC CB SOKOLOVSKY 2020,7419.0,49.86,1332.0,14.6
1470,OBYEDINENNY BANK RESPUBLIKI OOO 2018,8328.0,49.14,1173.0,14.37
1473,ECO-INVEST LLC 2020,9470.0,45.5,290.0,2.78
1475,OJSC CB SOKOLOVSKY 2019,5568.0,48.87,1754.0,16.2
1476,OBYEDINENNY BANK RESPUBLIKI OOO 2019,7468.0,46.5,1136.0,11.22
1477,BANK STANDARD-CREDIT 2017,6362.0,44.2,1329.0,14.31
1478,CLASSIC ECONOM BANK CJSC 2018,6457.0,47.3,1835.0,22.52
1481,BANK STANDARD-CREDIT 2019,8289.0,41.83,1162.0,12.84
1482,CLASSIC ECONOM BANK CJSC 2020,3983.0,42.6,2000.0,18.57
1483,COMMERCIAL BANK SLAVYANBANK 2015,6916.0,39.2,1147.0,15.06
1486,OJSC CB SOKOLOVSKY 2018,4909.0,47.0,1549.0,15.45
1488,OBYEDINENNY BANK RESPUBLIKI OOO 2020,6493.0,48.19,775.0,8.98
1489,BANK STANDARD-CREDIT 2015,6484.0,47.58,1229.0,10.1
1491,COMMERCIAL BANK OF DEVELOPMENT OF SPECIAL CONSTRUCTION 'SPETSSTROYBANK' 2020,3682.0,47.43,1146.0,14.38
1493,BANK STANDARD-CREDIT 2020,6355.0,40.92,841.0,10.16
1494,BANK STANDARD-CREDIT 2018,4353.0,40.6,950.0,10.93
1496,NATIONAL SAVINGS BANK 2016,2189.0,8.0,614.0,10.57
1497,"JSC RNCO ""KHOLMSK 2020",5756.0,37.43,129.0,0.93
